From,TO_CORREGIDO,CANT_EMAIL
Varja.Lagos@gastech.com.kronos,Varja.Lagos@gastech.com.kronos,1
Brand.Tempestad@gastech.com.kronos,Birgitta.Frente@gastech.com.kronos,1
Isak.Baza@gastech.com.kronos,Isak.Baza@gastech.com.kronos,16
Lucas.Alcazar@gastech.com.kronos,Isak.Baza@gastech.com.kronos,11
Linnea.Bergen@gastech.com.kronos,Rachel.Pantanal@gastech.com.kronos,4
Loreto.Bodrogi@gastech.com.kronos,Ingrid.Barranco@gastech.com.kronos,3
Lucas.Alcazar@gastech.com.kronos,Nils.Calixto@gastech.com.kronos,4
Sten.Sanjorge Jr.@gastech.com.tethys,Orhan.Strum@gastech.com.kronos,6
Mat.Bramar@gastech.com.kronos,Mat.Bramar@gastech.com.kronos,18
Ingrid.Barranco@gastech.com.kronos,Loreto.Bodrogi@gastech.com.kronos,2
Axel.Calzas@gastech.com.kronos,Felix.Balas@gastech.com.kronos,2
Lars.Azada@gastech.com.kronos,Birgitta.Frente@gastech.com.kronos,2
Stenig.Fusil@gastech.com.kronos,Orhan.Strum@gastech.com.kronos,1
Orhan.Strum@gastech.com.kronos,Stenig.Fusil@gastech.com.kronos,1
Albina.Hafon@gastech.com.kronos,Dante.Coginian@gastech.com.kronos,2
Nils.Calixto@gastech.com.kronos,Nils.Calixto@gastech.com.kronos,13
Felix.Balas@gastech.com.kronos,Birgitta.Frente@gastech.com.kronos,3
Loreto.Bodrogi@gastech.com.kronos,Varja.Lagos@gastech.com.kronos,1
Willem.Vasco-Pais@gastech.com.kronos,Orhan.Strum@gastech.com.kronos,5
Anda.Ribera@gastech.com.kronos,Valeria.Morlun@gastech.com.kronos,2
Orhan.Strum@gastech.com.kronos,Orhan.Strum@gastech.com.kronos,3
Benito.Hawelon@gastech.com.kronos,Adan.Morlun@gastech.com.kronos,1
Felix.Resumir@gastech.com.kronos,Felix.Resumir@gastech.com.kronos,1
Bertrand.Ovan@gastech.com.kronos,Emile.Arpa@gastech.com.kronos,21
Birgitta.Frente@gastech.com.kronos,Birgitta.Frente@gastech.com.kronos,1
Carla.Forluniau@gastech.com.kronos,Mat.Bramar@gastech.com.kronos,19
Anda.Ribera@gastech.com.kronos,Mat.Bramar@gastech.com.kronos,13
Claudio.Hawelon@gastech.com.kronos,Irene.Nant@gastech.com.kronos,2
Hennie.Osvaldo@gastech.com.kronos,Kanon.Herrero@gastech.com.kronos,2
Cornelia.Lais@gastech.com.kronos,Mat.Bramar@gastech.com.kronos,20
Valeria.Morlun@gastech.com.kronos,Anda.Ribera@gastech.com.kronos,1
Cecilia.Morluniau@gastech.com.kronos,Ingrid.Barranco@gastech.com.kronos,2
Adan.Morlun@gastech.com.kronos,Claudio.Hawelon@gastech.com.kronos,2
Varro.Awelon@gastech.com.kronos,Benito.Hawelon@gastech.com.kronos,1
Dante.Coginian@gastech.com.kronos,Lucas.Alcazar@gastech.com.kronos,2
Benito.Hawelon@gastech.com.kronos,Claudio.Hawelon@gastech.com.kronos,1
Axel.Calzas@gastech.com.kronos,Lars.Azada@gastech.com.kronos,2
Dante.Coginian@gastech.com.kronos,Valeria.Morlun@gastech.com.kronos,1
Benito.Hawelon@gastech.com.kronos,Dante.Coginian@gastech.com.kronos,3
Vira.Frente@gastech.com.kronos,Isande.Borrasca@gastech.com.kronos,2
Ruscella.Mies.Haber@gastech.com.kronos,Mat.Bramar@gastech.com.kronos,14
Kanon.Herrero@gastech.com.kronos,Hennie.Osvaldo@gastech.com.kronos,2
Kanon.Herrero@gastech.com.kronos,Nils.Calixto@gastech.com.kronos,3
Sven.Flecha@gastech.com.kronos,Nils.Calixto@gastech.com.kronos,14
Claudio.Hawelon@gastech.com.kronos,Rachel.Pantanal@gastech.com.kronos,2
Ingrid.Barranco@gastech.com.kronos,Cecilia.Morluniau@gastech.com.kronos,1
Mat.Bramar@gastech.com.kronos,Rachel.Pantanal@gastech.com.kronos,19
Ruscella.Mies.Haber@gastech.com.kronos,Rachel.Pantanal@gastech.com.kronos,10
Lucas.Alcazar@gastech.com.kronos,Dante.Coginian@gastech.com.kronos,1
Adra.Nubarron@gastech.com.kronos,Isande.Borrasca@gastech.com.kronos,2
Lars.Azada@gastech.com.kronos,Axel.Calzas@gastech.com.kronos,4
Adan.Morlun@gastech.com.kronos,Irene.Nant@gastech.com.kronos,4
Nils.Calixto@gastech.com.kronos,Kanon.Herrero@gastech.com.kronos,2
Dylan.Scozzese@gastech.com.kronos,Irene.Nant@gastech.com.kronos,7
Rachel.Pantanal@gastech.com.kronos,Claudio.Hawelon@gastech.com.kronos,1
Irene.Nant@gastech.com.kronos,Irene.Nant@gastech.com.kronos,3
Marin.Onda@gastech.com.kronos,Isande.Borrasca@gastech.com.kronos,1
Cecilia.Morluniau@gastech.com.kronos,Dylan.Scozzese@gastech.com.kronos,2
Irene.Nant@gastech.com.kronos,Bertrand.Ovan@gastech.com.kronos,3
Nils.Calixto@gastech.com.kronos,Sven.Flecha@gastech.com.kronos,4
Ada.Campo-Corrente@gastech.com.kronos,Felix.Resumir@gastech.com.kronos,2
Lucas.Alcazar@gastech.com.kronos,Sven.Flecha@gastech.com.kronos,8
Lidelse.Dedos@gastech.com.kronos,Elsa.Orilla@gastech.com.kronos,2
Isia.Vann@gastech.com.kronos,Rachel.Pantanal@gastech.com.kronos,8
Inga.Ferro@gastech.com.kronos,Willem.Vasco-Pais@gastech.com.kronos,2
Carla.Forluniau@gastech.com.kronos,Irene.Nant@gastech.com.kronos,1
Sven.Flecha@gastech.com.kronos,Sven.Flecha@gastech.com.kronos,13
Nils.Calixto@gastech.com.kronos,Isak.Baza@gastech.com.kronos,3
Felix.Resumir@gastech.com.kronos,Ada.Campo-Corrente@gastech.com.kronos,2
Felix.Balas@gastech.com.kronos,Carla.Forluniau@gastech.com.kronos,2
Rachel.Pantanal@gastech.com.kronos,Isia.Vann@gastech.com.kronos,5
Elsa.Orilla@gastech.com.kronos,Lidelse.Dedos@gastech.com.kronos,1
Varro.Awelon@gastech.com.kronos,Bertrand.Ovan@gastech.com.kronos,1
Henk.Mies@gastech.com.kronos,Irene.Nant@gastech.com.kronos,1
Lucas.Alcazar@gastech.com.kronos,Rachel.Pantanal@gastech.com.kronos,2
Bertrand.Ovan@gastech.com.kronos,Irene.Nant@gastech.com.kronos,1
Adan.Morlun@gastech.com.kronos,Adan.Morlun@gastech.com.kronos,6
Isak.Baza@gastech.com.kronos,Sven.Flecha@gastech.com.kronos,6
Willem.Vasco-Pais@gastech.com.kronos,Inga.Ferro@gastech.com.kronos,2
Mat.Bramar@gastech.com.kronos,Dante.Coginian@gastech.com.kronos,1
Cecilia.Morluniau@gastech.com.kronos,Bertrand.Ovan@gastech.com.kronos,5
Nils.Calixto@gastech.com.kronos,Lucas.Alcazar@gastech.com.kronos,28
Gustav.Cazar@gastech.com.kronos,Rachel.Pantanal@gastech.com.kronos,1
Orhan.Strum@gastech.com.kronos,Ingrid.Barranco@gastech.com.kronos,3
Carla.Forluniau@gastech.com.kronos,Felix.Balas@gastech.com.kronos,2
Hideki.Cocinaro@gastech.com.kronos,Cornelia.Lais@gastech.com.kronos,2
Vira.Frente@gastech.com.kronos,Axel.Calzas@gastech.com.kronos,3
Isande.Borrasca@gastech.com.kronos,Isande.Borrasca@gastech.com.kronos,3
Linda.Lagos@gastech.com.kronos,Mat.Bramar@gastech.com.kronos,18
Varja.Lagos@gastech.com.kronos,Kanon.Herrero@gastech.com.kronos,2
Ingrid.Barranco@gastech.com.kronos,Ingrid.Barranco@gastech.com.kronos,6
Lars.Azada@gastech.com.kronos,Isande.Borrasca@gastech.com.kronos,2
Lidelse.Dedos@gastech.com.kronos,Birgitta.Frente@gastech.com.kronos,1
Birgitta.Frente@gastech.com.kronos,Elsa.Orilla@gastech.com.kronos,3
Adra.Nubarron@gastech.com.kronos,Cecilia.Morluniau@gastech.com.kronos,1
Brand.Tempestad@gastech.com.kronos,Isande.Borrasca@gastech.com.kronos,3
Adan.Morlun@gastech.com.kronos,Henk.Mies@gastech.com.kronos,1
Lidelse.Dedos@gastech.com.kronos,Axel.Calzas@gastech.com.kronos,3
Rachel.Pantanal@gastech.com.kronos,Mat.Bramar@gastech.com.kronos,14
Cornelia.Lais@gastech.com.kronos,Hideki.Cocinaro@gastech.com.kronos,2
Anda.Ribera@gastech.com.kronos,Gustav.Cazar@gastech.com.kronos,2
Dante.Coginian@gastech.com.kronos,Mat.Bramar@gastech.com.kronos,1
Lucas.Alcazar@gastech.com.kronos,Lucas.Alcazar@gastech.com.kronos,30
Isande.Borrasca@gastech.com.kronos,Birgitta.Frente@gastech.com.kronos,1
Isande.Borrasca@gastech.com.kronos,Elsa.Orilla@gastech.com.kronos,2
Edvard.Vann@gastech.com.kronos,Elsa.Orilla@gastech.com.kronos,3
Henk.Mies@gastech.com.kronos,Adan.Morlun@gastech.com.kronos,10
Isak.Baza@gastech.com.kronos,Lucas.Alcazar@gastech.com.kronos,20
Vira.Frente@gastech.com.kronos,Elsa.Orilla@gastech.com.kronos,2
Hideki.Cocinaro@gastech.com.kronos,Kanon.Herrero@gastech.com.kronos,1
Albina.Hafon@gastech.com.kronos,Adan.Morlun@gastech.com.kronos,2
Stenig.Fusil@gastech.com.kronos,Kanon.Herrero@gastech.com.kronos,3
Gustav.Cazar@gastech.com.kronos,Anda.Ribera@gastech.com.kronos,1
Kare.Orilla@gastech.com.kronos,Isande.Borrasca@gastech.com.kronos,4
Henk.Mies@gastech.com.kronos,Henk.Mies@gastech.com.kronos,4
Ingrid.Barranco@gastech.com.kronos,Rachel.Pantanal@gastech.com.kronos,5
Edvard.Vann@gastech.com.kronos,Rachel.Pantanal@gastech.com.kronos,2
Elsa.Orilla@gastech.com.kronos,Rachel.Pantanal@gastech.com.kronos,2
Ada.Campo-Corrente@gastech.com.kronos,Rachel.Pantanal@gastech.com.kronos,2
Elsa.Orilla@gastech.com.kronos,Edvard.Vann@gastech.com.kronos,2
Albina.Hafon@gastech.com.kronos,Henk.Mies@gastech.com.kronos,1
Dylan.Scozzese@gastech.com.kronos,Claudio.Hawelon@gastech.com.kronos,2
Henk.Mies@gastech.com.kronos,Cecilia.Morluniau@gastech.com.kronos,2
Valeria.Morlun@gastech.com.kronos,Claudio.Hawelon@gastech.com.kronos,2
Kanon.Herrero@gastech.com.kronos,Irene.Nant@gastech.com.kronos,1
Bertrand.Ovan@gastech.com.kronos,Adan.Morlun@gastech.com.kronos,1
Felix.Balas@gastech.com.kronos,Isande.Borrasca@gastech.com.kronos,2
Benito.Hawelon@gastech.com.kronos,Elsa.Orilla@gastech.com.kronos,3
Linnea.Bergen@gastech.com.kronos,Axel.Calzas@gastech.com.kronos,1
Ada.Campo-Corrente@gastech.com.kronos,Orhan.Strum@gastech.com.kronos,3
Sten.Sanjorge Jr.@gastech.com.tethys,Ada.Campo-Corrente@gastech.com.kronos,2
Sten.Sanjorge Jr.@gastech.com.tethys,Willem.Vasco-Pais@gastech.com.kronos,6
Ingrid.Barranco@gastech.com.kronos,Ada.Campo-Corrente@gastech.com.kronos,6
Stenig.Fusil@gastech.com.kronos,Varja.Lagos@gastech.com.kronos,2
Orhan.Strum@gastech.com.kronos,Willem.Vasco-Pais@gastech.com.kronos,8
Sven.Flecha@gastech.com.kronos,Lucas.Alcazar@gastech.com.kronos,9
Cecilia.Morluniau@gastech.com.kronos,Adan.Morlun@gastech.com.kronos,2
Elsa.Orilla@gastech.com.kronos,Benito.Hawelon@gastech.com.kronos,2
Ada.Campo-Corrente@gastech.com.kronos,Ada.Campo-Corrente@gastech.com.kronos,4
Lidelse.Dedos@gastech.com.kronos,Isande.Borrasca@gastech.com.kronos,2
Varja.Lagos@gastech.com.kronos,Stenig.Fusil@gastech.com.kronos,3
Loreto.Bodrogi@gastech.com.kronos,Minke.Mies@gastech.com.kronos,1
Felix.Resumir@gastech.com.kronos,Rachel.Pantanal@gastech.com.kronos,2
Felix.Balas@gastech.com.kronos,Adra.Nubarron@gastech.com.kronos,2
Stenig.Fusil@gastech.com.kronos,Minke.Mies@gastech.com.kronos,3
Benito.Hawelon@gastech.com.kronos,Emile.Arpa@gastech.com.kronos,1
Hennie.Osvaldo@gastech.com.kronos,Rachel.Pantanal@gastech.com.kronos,5
Benito.Hawelon@gastech.com.kronos,Dylan.Scozzese@gastech.com.kronos,1
Dante.Coginian@gastech.com.kronos,Irene.Nant@gastech.com.kronos,3
Isande.Borrasca@gastech.com.kronos,Rachel.Pantanal@gastech.com.kronos,2
Benito.Hawelon@gastech.com.kronos,Benito.Hawelon@gastech.com.kronos,4
Lars.Azada@gastech.com.kronos,Adra.Nubarron@gastech.com.kronos,7
Henk.Mies@gastech.com.kronos,Albina.Hafon@gastech.com.kronos,4
Varro.Awelon@gastech.com.kronos,Adan.Morlun@gastech.com.kronos,1
Adra.Nubarron@gastech.com.kronos,Adra.Nubarron@gastech.com.kronos,2
Lidelse.Dedos@gastech.com.kronos,Adra.Nubarron@gastech.com.kronos,1
Claudio.Hawelon@gastech.com.kronos,Bertrand.Ovan@gastech.com.kronos,1
Ingrid.Barranco@gastech.com.kronos,Sten.Sanjorge Jr.@gastech.com.tethys,2
Albina.Hafon@gastech.com.kronos,Bertrand.Ovan@gastech.com.kronos,3
Felix.Balas@gastech.com.kronos,Varja.Lagos@gastech.com.kronos,1
Ada.Campo-Corrente@gastech.com.kronos,Sten.Sanjorge Jr.@gastech.com.tethys,6
Hideki.Cocinaro@gastech.com.kronos,Dante.Coginian@gastech.com.kronos,3
Edvard.Vann@gastech.com.kronos,Kanon.Herrero@gastech.com.kronos,2
Willem.Vasco-Pais@gastech.com.kronos,Sten.Sanjorge Jr.@gastech.com.tethys,4
Sten.Sanjorge Jr.@gastech.com.tethys,Sten.Sanjorge Jr.@gastech.com.tethys,8
Isia.Vann@gastech.com.kronos,Claudio.Hawelon@gastech.com.kronos,4
Dante.Coginian@gastech.com.kronos,Adan.Morlun@gastech.com.kronos,2
Dante.Coginian@gastech.com.kronos,Hideki.Cocinaro@gastech.com.kronos,2
Axel.Calzas@gastech.com.kronos,Axel.Calzas@gastech.com.kronos,5
Rachel.Pantanal@gastech.com.kronos,Hennie.Osvaldo@gastech.com.kronos,2
Orhan.Strum@gastech.com.kronos,Sten.Sanjorge Jr.@gastech.com.tethys,1
Stenig.Fusil@gastech.com.kronos,Loreto.Bodrogi@gastech.com.kronos,1
Elsa.Orilla@gastech.com.kronos,Elsa.Orilla@gastech.com.kronos,5
Claudio.Hawelon@gastech.com.kronos,Isia.Vann@gastech.com.kronos,2
Adan.Morlun@gastech.com.kronos,Dante.Coginian@gastech.com.kronos,2
Axel.Calzas@gastech.com.kronos,Elsa.Orilla@gastech.com.kronos,1
Felix.Resumir@gastech.com.kronos,Dante.Coginian@gastech.com.kronos,2
Felix.Resumir@gastech.com.kronos,Kanon.Herrero@gastech.com.kronos,1
Kare.Orilla@gastech.com.kronos,Gustav.Cazar@gastech.com.kronos,2
Irene.Nant@gastech.com.kronos,Dylan.Scozzese@gastech.com.kronos,2
Dylan.Scozzese@gastech.com.kronos,Albina.Hafon@gastech.com.kronos,7
Elsa.Orilla@gastech.com.kronos,Axel.Calzas@gastech.com.kronos,1
Emile.Arpa@gastech.com.kronos,Dante.Coginian@gastech.com.kronos,1
Isak.Baza@gastech.com.kronos,Rachel.Pantanal@gastech.com.kronos,2
Kare.Orilla@gastech.com.kronos,Elsa.Orilla@gastech.com.kronos,1
Lidelse.Dedos@gastech.com.kronos,Vira.Frente@gastech.com.kronos,2
Claudio.Hawelon@gastech.com.kronos,Adan.Morlun@gastech.com.kronos,2
Lars.Azada@gastech.com.kronos,Rachel.Pantanal@gastech.com.kronos,2
Isia.Vann@gastech.com.kronos,Loreto.Bodrogi@gastech.com.kronos,2
Dante.Coginian@gastech.com.kronos,Felix.Resumir@gastech.com.kronos,1
Kanon.Herrero@gastech.com.kronos,Rachel.Pantanal@gastech.com.kronos,1
Axel.Calzas@gastech.com.kronos,Rachel.Pantanal@gastech.com.kronos,2
Kanon.Herrero@gastech.com.kronos,Kanon.Herrero@gastech.com.kronos,4
Gustav.Cazar@gastech.com.kronos,Elsa.Orilla@gastech.com.kronos,6
Edvard.Vann@gastech.com.kronos,Loreto.Bodrogi@gastech.com.kronos,1
Emile.Arpa@gastech.com.kronos,Albina.Hafon@gastech.com.kronos,1
Felix.Balas@gastech.com.kronos,Gustav.Cazar@gastech.com.kronos,2
Willem.Vasco-Pais@gastech.com.kronos,Ada.Campo-Corrente@gastech.com.kronos,4
Marin.Onda@gastech.com.kronos,Vira.Frente@gastech.com.kronos,4
Lars.Azada@gastech.com.kronos,Vira.Frente@gastech.com.kronos,1
Claudio.Hawelon@gastech.com.kronos,Dante.Coginian@gastech.com.kronos,1
Dylan.Scozzese@gastech.com.kronos,Varro.Awelon@gastech.com.kronos,2
Axel.Calzas@gastech.com.kronos,Varja.Lagos@gastech.com.kronos,2
Dylan.Scozzese@gastech.com.kronos,Benito.Hawelon@gastech.com.kronos,1
Kare.Orilla@gastech.com.kronos,Benito.Hawelon@gastech.com.kronos,1
Elsa.Orilla@gastech.com.kronos,Adra.Nubarron@gastech.com.kronos,2
Nils.Calixto@gastech.com.kronos,Minke.Mies@gastech.com.kronos,2
Emile.Arpa@gastech.com.kronos,Lucas.Alcazar@gastech.com.kronos,2
Willem.Vasco-Pais@gastech.com.kronos,Varja.Lagos@gastech.com.kronos,1
Brand.Tempestad@gastech.com.kronos,Adra.Nubarron@gastech.com.kronos,2
Varja.Lagos@gastech.com.kronos,Axel.Calzas@gastech.com.kronos,1
Mat.Bramar@gastech.com.kronos,Varro.Awelon@gastech.com.kronos,3
Sten.Sanjorge Jr.@gastech.com.tethys,Ingrid.Barranco@gastech.com.kronos,5
Albina.Hafon@gastech.com.kronos,Benito.Hawelon@gastech.com.kronos,3
Minke.Mies@gastech.com.kronos,Adra.Nubarron@gastech.com.kronos,1
Brand.Tempestad@gastech.com.kronos,Lidelse.Dedos@gastech.com.kronos,2
Lucas.Alcazar@gastech.com.kronos,Emile.Arpa@gastech.com.kronos,2
Henk.Mies@gastech.com.kronos,Inga.Ferro@gastech.com.kronos,3
Axel.Calzas@gastech.com.kronos,Adra.Nubarron@gastech.com.kronos,1
Varro.Awelon@gastech.com.kronos,Mat.Bramar@gastech.com.kronos,3
Claudio.Hawelon@gastech.com.kronos,Valeria.Morlun@gastech.com.kronos,1
Hideki.Cocinaro@gastech.com.kronos,Inga.Ferro@gastech.com.kronos,2
Hideki.Cocinaro@gastech.com.kronos,Rachel.Pantanal@gastech.com.kronos,1
Claudio.Hawelon@gastech.com.kronos,Benito.Hawelon@gastech.com.kronos,1
Adra.Nubarron@gastech.com.kronos,Rachel.Pantanal@gastech.com.kronos,3
Albina.Hafon@gastech.com.kronos,Rachel.Pantanal@gastech.com.kronos,2
Ada.Campo-Corrente@gastech.com.kronos,Ingrid.Barranco@gastech.com.kronos,4
Stenig.Fusil@gastech.com.kronos,Vira.Frente@gastech.com.kronos,2
Isia.Vann@gastech.com.kronos,Stenig.Fusil@gastech.com.kronos,1
Inga.Ferro@gastech.com.kronos,Henk.Mies@gastech.com.kronos,3
Isak.Baza@gastech.com.kronos,Nils.Calixto@gastech.com.kronos,4
Rachel.Pantanal@gastech.com.kronos,Albina.Hafon@gastech.com.kronos,1
Irene.Nant@gastech.com.kronos,Benito.Hawelon@gastech.com.kronos,2
Varro.Awelon@gastech.com.kronos,Valeria.Morlun@gastech.com.kronos,2
Stenig.Fusil@gastech.com.kronos,Inga.Ferro@gastech.com.kronos,1
Sven.Flecha@gastech.com.kronos,Isak.Baza@gastech.com.kronos,5
Vira.Frente@gastech.com.kronos,Stenig.Fusil@gastech.com.kronos,2
Lidelse.Dedos@gastech.com.kronos,Lidelse.Dedos@gastech.com.kronos,2
Valeria.Morlun@gastech.com.kronos,Valeria.Morlun@gastech.com.kronos,3
Benito.Hawelon@gastech.com.kronos,Rachel.Pantanal@gastech.com.kronos,1
Isia.Vann@gastech.com.kronos,Inga.Ferro@gastech.com.kronos,2
Kanon.Herrero@gastech.com.kronos,Stenig.Fusil@gastech.com.kronos,1
Henk.Mies@gastech.com.kronos,Benito.Hawelon@gastech.com.kronos,2
Rachel.Pantanal@gastech.com.kronos,Ruscella.Mies.Haber@gastech.com.kronos,2
Linnea.Bergen@gastech.com.kronos,Ruscella.Mies.Haber@gastech.com.kronos,2
Lidelse.Dedos@gastech.com.kronos,Brand.Tempestad@gastech.com.kronos,1
Ruscella.Mies.Haber@gastech.com.kronos,Adra.Nubarron@gastech.com.kronos,2
Marin.Onda@gastech.com.kronos,Gustav.Cazar@gastech.com.kronos,1
Minke.Mies@gastech.com.kronos,Nils.Calixto@gastech.com.kronos,2
Ingrid.Barranco@gastech.com.kronos,Kare.Orilla@gastech.com.kronos,2
Kare.Orilla@gastech.com.kronos,Ingrid.Barranco@gastech.com.kronos,1
Henk.Mies@gastech.com.kronos,Claudio.Hawelon@gastech.com.kronos,3
Cornelia.Lais@gastech.com.kronos,Rachel.Pantanal@gastech.com.kronos,1
Marin.Onda@gastech.com.kronos,Rachel.Pantanal@gastech.com.kronos,1
Adra.Nubarron@gastech.com.kronos,Ruscella.Mies.Haber@gastech.com.kronos,2
Cecilia.Morluniau@gastech.com.kronos,Benito.Hawelon@gastech.com.kronos,1
Brand.Tempestad@gastech.com.kronos,Brand.Tempestad@gastech.com.kronos,2
Hennie.Osvaldo@gastech.com.kronos,Felix.Balas@gastech.com.kronos,1
Emile.Arpa@gastech.com.kronos,Rachel.Pantanal@gastech.com.kronos,1
Gustav.Cazar@gastech.com.kronos,Vira.Frente@gastech.com.kronos,2
Henk.Mies@gastech.com.kronos,Anda.Ribera@gastech.com.kronos,2
Lars.Azada@gastech.com.kronos,Brand.Tempestad@gastech.com.kronos,2
Brand.Tempestad@gastech.com.kronos,Gustav.Cazar@gastech.com.kronos,2
Varro.Awelon@gastech.com.kronos,Albina.Hafon@gastech.com.kronos,2
Emile.Arpa@gastech.com.kronos,Valeria.Morlun@gastech.com.kronos,1
Hennie.Osvaldo@gastech.com.kronos,Minke.Mies@gastech.com.kronos,1
Elsa.Orilla@gastech.com.kronos,Gustav.Cazar@gastech.com.kronos,3
Claudio.Hawelon@gastech.com.kronos,Albina.Hafon@gastech.com.kronos,3
Felix.Balas@gastech.com.kronos,Hennie.Osvaldo@gastech.com.kronos,1
Anda.Ribera@gastech.com.kronos,Henk.Mies@gastech.com.kronos,2
Valeria.Morlun@gastech.com.kronos,Albina.Hafon@gastech.com.kronos,1
Cecilia.Morluniau@gastech.com.kronos,Albina.Hafon@gastech.com.kronos,2
Vira.Frente@gastech.com.kronos,Vira.Frente@gastech.com.kronos,4
Ruscella.Mies.Haber@gastech.com.kronos,Inga.Ferro@gastech.com.kronos,2
Valeria.Morlun@gastech.com.kronos,Emile.Arpa@gastech.com.kronos,1
Adra.Nubarron@gastech.com.kronos,Axel.Calzas@gastech.com.kronos,1
Axel.Calzas@gastech.com.kronos,Vira.Frente@gastech.com.kronos,3
Adan.Morlun@gastech.com.kronos,Valeria.Morlun@gastech.com.kronos,1
Valeria.Morlun@gastech.com.kronos,Adan.Morlun@gastech.com.kronos,1
Valeria.Morlun@gastech.com.kronos,Henk.Mies@gastech.com.kronos,1
Henk.Mies@gastech.com.kronos,Dante.Coginian@gastech.com.kronos,1
Loreto.Bodrogi@gastech.com.kronos,Inga.Ferro@gastech.com.kronos,2
Inga.Ferro@gastech.com.kronos,Inga.Ferro@gastech.com.kronos,4
Benito.Hawelon@gastech.com.kronos,Henk.Mies@gastech.com.kronos,3
Varja.Lagos@gastech.com.kronos,Minke.Mies@gastech.com.kronos,1
Loreto.Bodrogi@gastech.com.kronos,Hideki.Cocinaro@gastech.com.kronos,1
Varja.Lagos@gastech.com.kronos,Hideki.Cocinaro@gastech.com.kronos,3
Lars.Azada@gastech.com.kronos,Anda.Ribera@gastech.com.kronos,2
Hideki.Cocinaro@gastech.com.kronos,Hideki.Cocinaro@gastech.com.kronos,1
Isia.Vann@gastech.com.kronos,Hideki.Cocinaro@gastech.com.kronos,1
Loreto.Bodrogi@gastech.com.kronos,Rachel.Pantanal@gastech.com.kronos,1
Inga.Ferro@gastech.com.kronos,Stenig.Fusil@gastech.com.kronos,1
Anda.Ribera@gastech.com.kronos,Lars.Azada@gastech.com.kronos,2
Adan.Morlun@gastech.com.kronos,Rachel.Pantanal@gastech.com.kronos,1
Isande.Borrasca@gastech.com.kronos,Vira.Frente@gastech.com.kronos,1
Albina.Hafon@gastech.com.kronos,Dylan.Scozzese@gastech.com.kronos,4
Felix.Balas@gastech.com.kronos,Vira.Frente@gastech.com.kronos,1
Inga.Ferro@gastech.com.kronos,Minke.Mies@gastech.com.kronos,3
Linnea.Bergen@gastech.com.kronos,Inga.Ferro@gastech.com.kronos,3
Lars.Azada@gastech.com.kronos,Lidelse.Dedos@gastech.com.kronos,1
Valeria.Morlun@gastech.com.kronos,Varro.Awelon@gastech.com.kronos,1
Minke.Mies@gastech.com.kronos,Inga.Ferro@gastech.com.kronos,4
Irene.Nant@gastech.com.kronos,Cecilia.Morluniau@gastech.com.kronos,2
Cecilia.Morluniau@gastech.com.kronos,Irene.Nant@gastech.com.kronos,1
Emile.Arpa@gastech.com.kronos,Cecilia.Morluniau@gastech.com.kronos,1
Henk.Mies@gastech.com.kronos,Dylan.Scozzese@gastech.com.kronos,1
Willem.Vasco-Pais@gastech.com.kronos,Willem.Vasco-Pais@gastech.com.kronos,4
Dylan.Scozzese@gastech.com.kronos,Valeria.Morlun@gastech.com.kronos,2
Varro.Awelon@gastech.com.kronos,Claudio.Hawelon@gastech.com.kronos,1
Hennie.Osvaldo@gastech.com.kronos,Inga.Ferro@gastech.com.kronos,2
Dylan.Scozzese@gastech.com.kronos,Dylan.Scozzese@gastech.com.kronos,8
Irene.Nant@gastech.com.kronos,Claudio.Hawelon@gastech.com.kronos,1
Claudio.Hawelon@gastech.com.kronos,Dylan.Scozzese@gastech.com.kronos,1
Albina.Hafon@gastech.com.kronos,Claudio.Hawelon@gastech.com.kronos,2
Emile.Arpa@gastech.com.kronos,Dylan.Scozzese@gastech.com.kronos,1
Claudio.Hawelon@gastech.com.kronos,Cecilia.Morluniau@gastech.com.kronos,3
Dante.Coginian@gastech.com.kronos,Rachel.Pantanal@gastech.com.kronos,1
Albina.Hafon@gastech.com.kronos,Cecilia.Morluniau@gastech.com.kronos,2
Irene.Nant@gastech.com.kronos,Rachel.Pantanal@gastech.com.kronos,1
Benito.Hawelon@gastech.com.kronos,Albina.Hafon@gastech.com.kronos,2
Orhan.Strum@gastech.com.kronos,Irene.Nant@gastech.com.kronos,2
Isande.Borrasca@gastech.com.kronos,Hideki.Cocinaro@gastech.com.kronos,1
Irene.Nant@gastech.com.kronos,Orhan.Strum@gastech.com.kronos,2
Valeria.Morlun@gastech.com.kronos,Stenig.Fusil@gastech.com.kronos,1
Marin.Onda@gastech.com.kronos,Emile.Arpa@gastech.com.kronos,2
Dylan.Scozzese@gastech.com.kronos,Cecilia.Morluniau@gastech.com.kronos,1
Lucas.Alcazar@gastech.com.kronos,Linnea.Bergen@gastech.com.kronos,1
Gustav.Cazar@gastech.com.kronos,Marin.Onda@gastech.com.kronos,1
Dante.Coginian@gastech.com.kronos,Claudio.Hawelon@gastech.com.kronos,3
Dylan.Scozzese@gastech.com.kronos,Adan.Morlun@gastech.com.kronos,1
Linnea.Bergen@gastech.com.kronos,Claudio.Hawelon@gastech.com.kronos,2
Loreto.Bodrogi@gastech.com.kronos,Isia.Vann@gastech.com.kronos,1
Claudio.Hawelon@gastech.com.kronos,Linnea.Bergen@gastech.com.kronos,1
Hideki.Cocinaro@gastech.com.kronos,Isande.Borrasca@gastech.com.kronos,1
Linnea.Bergen@gastech.com.kronos,Lucas.Alcazar@gastech.com.kronos,1
Axel.Calzas@gastech.com.kronos,Nils.Calixto@gastech.com.kronos,3
Henk.Mies@gastech.com.kronos,Valeria.Morlun@gastech.com.kronos,3
Stenig.Fusil@gastech.com.kronos,Stenig.Fusil@gastech.com.kronos,3
Birgitta.Frente@gastech.com.kronos,Marin.Onda@gastech.com.kronos,1
Elsa.Orilla@gastech.com.kronos,Marin.Onda@gastech.com.kronos,1
Claudio.Hawelon@gastech.com.kronos,Claudio.Hawelon@gastech.com.kronos,3
Birgitta.Frente@gastech.com.kronos,Isak.Baza@gastech.com.kronos,3
Emile.Arpa@gastech.com.kronos,Marin.Onda@gastech.com.kronos,2
Dylan.Scozzese@gastech.com.kronos,Dante.Coginian@gastech.com.kronos,2
Dante.Coginian@gastech.com.kronos,Albina.Hafon@gastech.com.kronos,1
Nils.Calixto@gastech.com.kronos,Axel.Calzas@gastech.com.kronos,2
Adan.Morlun@gastech.com.kronos,Cecilia.Morluniau@gastech.com.kronos,1
Isande.Borrasca@gastech.com.kronos,Marin.Onda@gastech.com.kronos,4
Isak.Baza@gastech.com.kronos,Birgitta.Frente@gastech.com.kronos,2
Bertrand.Ovan@gastech.com.kronos,Albina.Hafon@gastech.com.kronos,1
Minke.Mies@gastech.com.kronos,Rachel.Pantanal@gastech.com.kronos,1
Ada.Campo-Corrente@gastech.com.kronos,Ruscella.Mies.Haber@gastech.com.kronos,1
Brand.Tempestad@gastech.com.kronos,Vira.Frente@gastech.com.kronos,2
Kare.Orilla@gastech.com.kronos,Marin.Onda@gastech.com.kronos,3
Cecilia.Morluniau@gastech.com.kronos,Dante.Coginian@gastech.com.kronos,1
Inga.Ferro@gastech.com.kronos,Rachel.Pantanal@gastech.com.kronos,2
Anda.Ribera@gastech.com.kronos,Rachel.Pantanal@gastech.com.kronos,1
Ada.Campo-Corrente@gastech.com.kronos,Willem.Vasco-Pais@gastech.com.kronos,3
Varro.Awelon@gastech.com.kronos,Rachel.Pantanal@gastech.com.kronos,1
Ruscella.Mies.Haber@gastech.com.kronos,Ada.Campo-Corrente@gastech.com.kronos,1
Orhan.Strum@gastech.com.kronos,Gustav.Cazar@gastech.com.kronos,3
Carla.Forluniau@gastech.com.kronos,Varro.Awelon@gastech.com.kronos,3
Edvard.Vann@gastech.com.kronos,Hennie.Osvaldo@gastech.com.kronos,1
Varro.Awelon@gastech.com.kronos,Carla.Forluniau@gastech.com.kronos,2
Gustav.Cazar@gastech.com.kronos,Orhan.Strum@gastech.com.kronos,3
Lidelse.Dedos@gastech.com.kronos,Kare.Orilla@gastech.com.kronos,3
Albina.Hafon@gastech.com.kronos,Valeria.Morlun@gastech.com.kronos,1
Valeria.Morlun@gastech.com.kronos,Dylan.Scozzese@gastech.com.kronos,1
Kare.Orilla@gastech.com.kronos,Lidelse.Dedos@gastech.com.kronos,3
Isia.Vann@gastech.com.kronos,Hennie.Osvaldo@gastech.com.kronos,2
Willem.Vasco-Pais@gastech.com.kronos,Rachel.Pantanal@gastech.com.kronos,1
Felix.Balas@gastech.com.kronos,Elsa.Orilla@gastech.com.kronos,1
Hennie.Osvaldo@gastech.com.kronos,Hennie.Osvaldo@gastech.com.kronos,2
Bertrand.Ovan@gastech.com.kronos,Valeria.Morlun@gastech.com.kronos,1
Edvard.Vann@gastech.com.kronos,Felix.Resumir@gastech.com.kronos,1
Birgitta.Frente@gastech.com.kronos,Lars.Azada@gastech.com.kronos,1
Brand.Tempestad@gastech.com.kronos,Elsa.Orilla@gastech.com.kronos,1
Albina.Hafon@gastech.com.kronos,Albina.Hafon@gastech.com.kronos,3
Adan.Morlun@gastech.com.kronos,Dylan.Scozzese@gastech.com.kronos,1
Adra.Nubarron@gastech.com.kronos,Lars.Azada@gastech.com.kronos,1
Axel.Calzas@gastech.com.kronos,Gustav.Cazar@gastech.com.kronos,1
Gustav.Cazar@gastech.com.kronos,Gustav.Cazar@gastech.com.kronos,1
Albina.Hafon@gastech.com.kronos,Irene.Nant@gastech.com.kronos,1
Gustav.Cazar@gastech.com.kronos,Isande.Borrasca@gastech.com.kronos,2
Inga.Ferro@gastech.com.kronos,Kanon.Herrero@gastech.com.kronos,1
Emile.Arpa@gastech.com.kronos,Varro.Awelon@gastech.com.kronos,1
Lidelse.Dedos@gastech.com.kronos,Gustav.Cazar@gastech.com.kronos,1
Varro.Awelon@gastech.com.kronos,Irene.Nant@gastech.com.kronos,1
Adan.Morlun@gastech.com.kronos,Albina.Hafon@gastech.com.kronos,2
Kare.Orilla@gastech.com.kronos,Inga.Ferro@gastech.com.kronos,1
Anda.Ribera@gastech.com.kronos,Cornelia.Lais@gastech.com.kronos,3
Benito.Hawelon@gastech.com.kronos,Felix.Resumir@gastech.com.kronos,3
Cornelia.Lais@gastech.com.kronos,Anda.Ribera@gastech.com.kronos,3
Vira.Frente@gastech.com.kronos,Marin.Onda@gastech.com.kronos,2
Birgitta.Frente@gastech.com.kronos,Lidelse.Dedos@gastech.com.kronos,1
Felix.Resumir@gastech.com.kronos,Benito.Hawelon@gastech.com.kronos,2
Isande.Borrasca@gastech.com.kronos,Axel.Calzas@gastech.com.kronos,1
Minke.Mies@gastech.com.kronos,Vira.Frente@gastech.com.kronos,3
Henk.Mies@gastech.com.kronos,Sten.Sanjorge Jr.@gastech.com.kronos,2
Vira.Frente@gastech.com.kronos,Minke.Mies@gastech.com.kronos,3
Adra.Nubarron@gastech.com.kronos,Lidelse.Dedos@gastech.com.kronos,1
Varja.Lagos@gastech.com.kronos,Hennie.Osvaldo@gastech.com.kronos,2
Sten.Sanjorge Jr.@gastech.com.kronos,Henk.Mies@gastech.com.kronos,2
Vira.Frente@gastech.com.kronos,Linda.Lagos@gastech.com.kronos,1
Lidelse.Dedos@gastech.com.kronos,Marin.Onda@gastech.com.kronos,2
Edvard.Vann@gastech.com.kronos,Henk.Mies@gastech.com.kronos,1
Felix.Resumir@gastech.com.kronos,Hideki.Cocinaro@gastech.com.kronos,1
Loreto.Bodrogi@gastech.com.kronos,Hennie.Osvaldo@gastech.com.kronos,1
Dylan.Scozzese@gastech.com.kronos,Rachel.Pantanal@gastech.com.kronos,1
Felix.Balas@gastech.com.kronos,Marin.Onda@gastech.com.kronos,2
Henk.Mies@gastech.com.kronos,Edvard.Vann@gastech.com.kronos,1
Emile.Arpa@gastech.com.kronos,Henk.Mies@gastech.com.kronos,1
Elsa.Orilla@gastech.com.kronos,Isande.Borrasca@gastech.com.kronos,1
Edvard.Vann@gastech.com.kronos,Hideki.Cocinaro@gastech.com.kronos,1
Linda.Lagos@gastech.com.kronos,Vira.Frente@gastech.com.kronos,1
Inga.Ferro@gastech.com.kronos,Hennie.Osvaldo@gastech.com.kronos,1
Dante.Coginian@gastech.com.kronos,Henk.Mies@gastech.com.kronos,1
Stenig.Fusil@gastech.com.kronos,Hideki.Cocinaro@gastech.com.kronos,2
Claudio.Hawelon@gastech.com.kronos,Henk.Mies@gastech.com.kronos,1
Hennie.Osvaldo@gastech.com.kronos,Hideki.Cocinaro@gastech.com.kronos,1
Varja.Lagos@gastech.com.kronos, Hennie.Osvaldo@gastech.com.kronos,4
Brand.Tempestad@gastech.com.kronos, Lars.Azada@gastech.com.kronos,9
Isak.Baza@gastech.com.kronos, Lucas.Alcazar@gastech.com.kronos,11
Lucas.Alcazar@gastech.com.kronos, Lucas.Alcazar@gastech.com.kronos,18
Linnea.Bergen@gastech.com.kronos, Lars.Azada@gastech.com.kronos,2
Lucas.Alcazar@gastech.com.kronos, Sven.Flecha@gastech.com.kronos,22
Sten.Sanjorge Jr.@gastech.com.tethys, Willem.Vasco-Pais@gastech.com.kronos,8
Mat.Bramar@gastech.com.kronos, Anda.Ribera@gastech.com.kronos,18
Axel.Calzas@gastech.com.kronos, Lars.Azada@gastech.com.kronos,10
Lars.Azada@gastech.com.kronos, Lars.Azada@gastech.com.kronos,18
Albina.Hafon@gastech.com.kronos, Irene.Nant@gastech.com.kronos,10
Nils.Calixto@gastech.com.kronos, Sven.Flecha@gastech.com.kronos,27
Felix.Balas@gastech.com.kronos, Lars.Azada@gastech.com.kronos,7
Loreto.Bodrogi@gastech.com.kronos, Hennie.Osvaldo@gastech.com.kronos,4
Willem.Vasco-Pais@gastech.com.kronos, Willem.Vasco-Pais@gastech.com.kronos,11
Orhan.Strum@gastech.com.kronos, Willem.Vasco-Pais@gastech.com.kronos,3
Benito.Hawelon@gastech.com.kronos, Claudio.Hawelon@gastech.com.kronos,9
Felix.Resumir@gastech.com.kronos, Hideki.Cocinaro@gastech.com.kronos,1
Bertrand.Ovan@gastech.com.kronos, Varro.Awelon@gastech.com.kronos,23
Birgitta.Frente@gastech.com.kronos, Lars.Azada@gastech.com.kronos,4
Carla.Forluniau@gastech.com.kronos, Anda.Ribera@gastech.com.kronos,19
Anda.Ribera@gastech.com.kronos, Anda.Ribera@gastech.com.kronos,13
Claudio.Hawelon@gastech.com.kronos, Cecilia.Morluniau@gastech.com.kronos,8
Cornelia.Lais@gastech.com.kronos, Anda.Ribera@gastech.com.kronos,20
Adan.Morlun@gastech.com.kronos, Benito.Hawelon@gastech.com.kronos,8
Varro.Awelon@gastech.com.kronos, Cecilia.Morluniau@gastech.com.kronos,5
Benito.Hawelon@gastech.com.kronos, Dante.Coginian@gastech.com.kronos,6
Dante.Coginian@gastech.com.kronos, Albina.Hafon@gastech.com.kronos,4
Benito.Hawelon@gastech.com.kronos, Albina.Hafon@gastech.com.kronos,11
Albina.Hafon@gastech.com.kronos, Albina.Hafon@gastech.com.kronos,16
Vira.Frente@gastech.com.kronos, Elsa.Orilla@gastech.com.kronos,5
Ruscella.Mies.Haber@gastech.com.kronos, Anda.Ribera@gastech.com.kronos,14
Sven.Flecha@gastech.com.kronos, Sven.Flecha@gastech.com.kronos,27
Mat.Bramar@gastech.com.kronos, Lars.Azada@gastech.com.kronos,19
Ruscella.Mies.Haber@gastech.com.kronos, Lars.Azada@gastech.com.kronos,10
Adra.Nubarron@gastech.com.kronos, Elsa.Orilla@gastech.com.kronos,5
Adan.Morlun@gastech.com.kronos, Dante.Coginian@gastech.com.kronos,7
Dylan.Scozzese@gastech.com.kronos, Cecilia.Morluniau@gastech.com.kronos,10
Irene.Nant@gastech.com.kronos, Cecilia.Morluniau@gastech.com.kronos,7
Marin.Onda@gastech.com.kronos, Elsa.Orilla@gastech.com.kronos,2
Cecilia.Morluniau@gastech.com.kronos, Emile.Arpa@gastech.com.kronos,2
Irene.Nant@gastech.com.kronos, Varro.Awelon@gastech.com.kronos,4
Dylan.Scozzese@gastech.com.kronos, Adan.Morlun@gastech.com.kronos,13
Nils.Calixto@gastech.com.kronos, Lucas.Alcazar@gastech.com.kronos,3
Sven.Flecha@gastech.com.kronos, Lucas.Alcazar@gastech.com.kronos,11
Lars.Azada@gastech.com.kronos, Vira.Frente@gastech.com.kronos,7
Varro.Awelon@gastech.com.kronos, Varro.Awelon@gastech.com.kronos,7
Henk.Mies@gastech.com.kronos, Adan.Morlun@gastech.com.kronos,9
Lucas.Alcazar@gastech.com.kronos, Lars.Azada@gastech.com.kronos,2
Bertrand.Ovan@gastech.com.kronos, Adan.Morlun@gastech.com.kronos,23
Adan.Morlun@gastech.com.kronos, Valeria.Morlun@gastech.com.kronos,10
Claudio.Hawelon@gastech.com.kronos, Adan.Morlun@gastech.com.kronos,8
Cecilia.Morluniau@gastech.com.kronos, Varro.Awelon@gastech.com.kronos,3
Nils.Calixto@gastech.com.kronos, Isak.Baza@gastech.com.kronos,20
Gustav.Cazar@gastech.com.kronos, Lars.Azada@gastech.com.kronos,10
Orhan.Strum@gastech.com.kronos, Ada.Campo-Corrente@gastech.com.kronos,6
Vira.Frente@gastech.com.kronos, Vira.Frente@gastech.com.kronos,6
Isande.Borrasca@gastech.com.kronos, Lars.Azada@gastech.com.kronos,8
Linda.Lagos@gastech.com.kronos, Anda.Ribera@gastech.com.kronos,18
Varja.Lagos@gastech.com.kronos, Stenig.Fusil@gastech.com.kronos,3
Ingrid.Barranco@gastech.com.kronos, Ada.Campo-Corrente@gastech.com.kronos,8
Lidelse.Dedos@gastech.com.kronos, Isande.Borrasca@gastech.com.kronos,3
Birgitta.Frente@gastech.com.kronos, Vira.Frente@gastech.com.kronos,2
Adan.Morlun@gastech.com.kronos, Albina.Hafon@gastech.com.kronos,9
Lidelse.Dedos@gastech.com.kronos, Vira.Frente@gastech.com.kronos,4
Rachel.Pantanal@gastech.com.kronos, Anda.Ribera@gastech.com.kronos,14
Isak.Baza@gastech.com.kronos, Sven.Flecha@gastech.com.kronos,25
Lucas.Alcazar@gastech.com.kronos, Isak.Baza@gastech.com.kronos,29
Isande.Borrasca@gastech.com.kronos, Isande.Borrasca@gastech.com.kronos,9
Isande.Borrasca@gastech.com.kronos, Vira.Frente@gastech.com.kronos,6
Henk.Mies@gastech.com.kronos, Valeria.Morlun@gastech.com.kronos,14
Isak.Baza@gastech.com.kronos, Isak.Baza@gastech.com.kronos,28
Hideki.Cocinaro@gastech.com.kronos, Stenig.Fusil@gastech.com.kronos,3
Albina.Hafon@gastech.com.kronos, Valeria.Morlun@gastech.com.kronos,8
Stenig.Fusil@gastech.com.kronos, Stenig.Fusil@gastech.com.kronos,9
Hennie.Osvaldo@gastech.com.kronos, Stenig.Fusil@gastech.com.kronos,3
Vira.Frente@gastech.com.kronos, Lars.Azada@gastech.com.kronos,4
Kare.Orilla@gastech.com.kronos, Lars.Azada@gastech.com.kronos,3
Henk.Mies@gastech.com.kronos, Albina.Hafon@gastech.com.kronos,16
Ingrid.Barranco@gastech.com.kronos, Lars.Azada@gastech.com.kronos,5
Edvard.Vann@gastech.com.kronos, Lars.Azada@gastech.com.kronos,2
Elsa.Orilla@gastech.com.kronos, Lars.Azada@gastech.com.kronos,12
Ada.Campo-Corrente@gastech.com.kronos, Lars.Azada@gastech.com.kronos,2
Benito.Hawelon@gastech.com.kronos, Varro.Awelon@gastech.com.kronos,6
Dylan.Scozzese@gastech.com.kronos, Dante.Coginian@gastech.com.kronos,6
Henk.Mies@gastech.com.kronos, Henk.Mies@gastech.com.kronos,23
Valeria.Morlun@gastech.com.kronos, Dante.Coginian@gastech.com.kronos,4
Orhan.Strum@gastech.com.kronos, Sten.Sanjorge Jr.@gastech.com.tethys,3
Sven.Flecha@gastech.com.kronos, Isak.Baza@gastech.com.kronos,19
Bertrand.Ovan@gastech.com.kronos, Benito.Hawelon@gastech.com.kronos,24
Sten.Sanjorge Jr.@gastech.com.tethys, Sten.Sanjorge Jr.@gastech.com.tethys,15
Felix.Balas@gastech.com.kronos, Lidelse.Dedos@gastech.com.kronos,5
Ada.Campo-Corrente@gastech.com.kronos, Sten.Sanjorge Jr.@gastech.com.tethys,10
Sten.Sanjorge Jr.@gastech.com.tethys, Ingrid.Barranco@gastech.com.kronos,3
Sten.Sanjorge Jr.@gastech.com.tethys, Orhan.Strum@gastech.com.kronos,5
Ingrid.Barranco@gastech.com.kronos, Ingrid.Barranco@gastech.com.kronos,7
Orhan.Strum@gastech.com.kronos, Orhan.Strum@gastech.com.kronos,9
Albina.Hafon@gastech.com.kronos, Benito.Hawelon@gastech.com.kronos,11
Cecilia.Morluniau@gastech.com.kronos, Henk.Mies@gastech.com.kronos,9
Henk.Mies@gastech.com.kronos, Benito.Hawelon@gastech.com.kronos,21
Ada.Campo-Corrente@gastech.com.kronos, Ingrid.Barranco@gastech.com.kronos,4
Lidelse.Dedos@gastech.com.kronos, Lidelse.Dedos@gastech.com.kronos,12
Loreto.Bodrogi@gastech.com.kronos, Stenig.Fusil@gastech.com.kronos,2
Felix.Resumir@gastech.com.kronos, Lars.Azada@gastech.com.kronos,2
Adan.Morlun@gastech.com.kronos, Henk.Mies@gastech.com.kronos,10
Benito.Hawelon@gastech.com.kronos, Valeria.Morlun@gastech.com.kronos,9
Hennie.Osvaldo@gastech.com.kronos, Lars.Azada@gastech.com.kronos,3
Dante.Coginian@gastech.com.kronos, Adan.Morlun@gastech.com.kronos,6
Benito.Hawelon@gastech.com.kronos, Henk.Mies@gastech.com.kronos,8
Dylan.Scozzese@gastech.com.kronos, Emile.Arpa@gastech.com.kronos,10
Adra.Nubarron@gastech.com.kronos, Lars.Azada@gastech.com.kronos,6
Henk.Mies@gastech.com.kronos, Claudio.Hawelon@gastech.com.kronos,13
Lidelse.Dedos@gastech.com.kronos, Lars.Azada@gastech.com.kronos,7
Claudio.Hawelon@gastech.com.kronos, Albina.Hafon@gastech.com.kronos,9
Ingrid.Barranco@gastech.com.kronos, Willem.Vasco-Pais@gastech.com.kronos,3
Nils.Calixto@gastech.com.kronos, Nils.Calixto@gastech.com.kronos,30
Cecilia.Morluniau@gastech.com.kronos, Albina.Hafon@gastech.com.kronos,8
Ada.Campo-Corrente@gastech.com.kronos, Willem.Vasco-Pais@gastech.com.kronos,6
Adan.Morlun@gastech.com.kronos, Cecilia.Morluniau@gastech.com.kronos,7
Edvard.Vann@gastech.com.kronos, Minke.Mies@gastech.com.kronos,4
Irene.Nant@gastech.com.kronos, Albina.Hafon@gastech.com.kronos,7
Lucas.Alcazar@gastech.com.kronos, Nils.Calixto@gastech.com.kronos,18
Axel.Calzas@gastech.com.kronos, Elsa.Orilla@gastech.com.kronos,7
Stenig.Fusil@gastech.com.kronos, Isia.Vann@gastech.com.kronos,5
Elsa.Orilla@gastech.com.kronos, Gustav.Cazar@gastech.com.kronos,8
Lars.Azada@gastech.com.kronos, Elsa.Orilla@gastech.com.kronos,7
Axel.Calzas@gastech.com.kronos, Gustav.Cazar@gastech.com.kronos,6
Felix.Resumir@gastech.com.kronos, Minke.Mies@gastech.com.kronos,2
Kare.Orilla@gastech.com.kronos, Felix.Balas@gastech.com.kronos,4
Irene.Nant@gastech.com.kronos, Henk.Mies@gastech.com.kronos,5
Ada.Campo-Corrente@gastech.com.kronos, Orhan.Strum@gastech.com.kronos,6
Elsa.Orilla@gastech.com.kronos, Elsa.Orilla@gastech.com.kronos,7
Emile.Arpa@gastech.com.kronos, Emile.Arpa@gastech.com.kronos,5
Isak.Baza@gastech.com.kronos, Lars.Azada@gastech.com.kronos,2
Kare.Orilla@gastech.com.kronos, Gustav.Cazar@gastech.com.kronos,1
Lidelse.Dedos@gastech.com.kronos, Marin.Onda@gastech.com.kronos,4
Claudio.Hawelon@gastech.com.kronos, Dante.Coginian@gastech.com.kronos,4
Isia.Vann@gastech.com.kronos, Isia.Vann@gastech.com.kronos,7
Kanon.Herrero@gastech.com.kronos, Lars.Azada@gastech.com.kronos,1
Kanon.Herrero@gastech.com.kronos, Minke.Mies@gastech.com.kronos,5
Gustav.Cazar@gastech.com.kronos, Gustav.Cazar@gastech.com.kronos,9
Edvard.Vann@gastech.com.kronos, Isia.Vann@gastech.com.kronos,3
Vira.Frente@gastech.com.kronos, Gustav.Cazar@gastech.com.kronos,4
Emile.Arpa@gastech.com.kronos, Valeria.Morlun@gastech.com.kronos,4
Felix.Balas@gastech.com.kronos, Felix.Balas@gastech.com.kronos,9
Willem.Vasco-Pais@gastech.com.kronos, Orhan.Strum@gastech.com.kronos,9
Marin.Onda@gastech.com.kronos, Marin.Onda@gastech.com.kronos,4
Lars.Azada@gastech.com.kronos, Marin.Onda@gastech.com.kronos,7
Gustav.Cazar@gastech.com.kronos, Kare.Orilla@gastech.com.kronos,5
Dylan.Scozzese@gastech.com.kronos, Albina.Hafon@gastech.com.kronos,9
Elsa.Orilla@gastech.com.kronos, Marin.Onda@gastech.com.kronos,11
Brand.Tempestad@gastech.com.kronos, Marin.Onda@gastech.com.kronos,8
Isande.Borrasca@gastech.com.kronos, Kare.Orilla@gastech.com.kronos,12
Sten.Sanjorge Jr.@gastech.com.tethys, Ada.Campo-Corrente@gastech.com.kronos,18
Axel.Calzas@gastech.com.kronos, Marin.Onda@gastech.com.kronos,5
Claudio.Hawelon@gastech.com.kronos, Varro.Awelon@gastech.com.kronos,7
Hideki.Cocinaro@gastech.com.kronos, Hennie.Osvaldo@gastech.com.kronos,3
Hideki.Cocinaro@gastech.com.kronos, Lars.Azada@gastech.com.kronos,1
Claudio.Hawelon@gastech.com.kronos, Henk.Mies@gastech.com.kronos,9
Ada.Campo-Corrente@gastech.com.kronos, Ada.Campo-Corrente@gastech.com.kronos,15
Isia.Vann@gastech.com.kronos, Varja.Lagos@gastech.com.kronos,3
Stenig.Fusil@gastech.com.kronos, Hennie.Osvaldo@gastech.com.kronos,9
Valeria.Morlun@gastech.com.kronos, Varro.Awelon@gastech.com.kronos,4
Benito.Hawelon@gastech.com.kronos, Lars.Azada@gastech.com.kronos,1
Isia.Vann@gastech.com.kronos, Hennie.Osvaldo@gastech.com.kronos,2
Varja.Lagos@gastech.com.kronos, Varja.Lagos@gastech.com.kronos,8
Kanon.Herrero@gastech.com.kronos, Varja.Lagos@gastech.com.kronos,3
Marin.Onda@gastech.com.kronos, Kare.Orilla@gastech.com.kronos,4
Cornelia.Lais@gastech.com.kronos, Lars.Azada@gastech.com.kronos,1
Marin.Onda@gastech.com.kronos, Lars.Azada@gastech.com.kronos,3
Cecilia.Morluniau@gastech.com.kronos, Dante.Coginian@gastech.com.kronos,4
Brand.Tempestad@gastech.com.kronos, Lidelse.Dedos@gastech.com.kronos,8
Emile.Arpa@gastech.com.kronos, Lars.Azada@gastech.com.kronos,1
Elsa.Orilla@gastech.com.kronos, Isande.Borrasca@gastech.com.kronos,6
Gustav.Cazar@gastech.com.kronos, Axel.Calzas@gastech.com.kronos,8
Lars.Azada@gastech.com.kronos, Lidelse.Dedos@gastech.com.kronos,11
Brand.Tempestad@gastech.com.kronos, Kare.Orilla@gastech.com.kronos,9
Benito.Hawelon@gastech.com.kronos, Dylan.Scozzese@gastech.com.kronos,4
Varro.Awelon@gastech.com.kronos, Emile.Arpa@gastech.com.kronos,2
Emile.Arpa@gastech.com.kronos, Adan.Morlun@gastech.com.kronos,6
Hennie.Osvaldo@gastech.com.kronos, Isia.Vann@gastech.com.kronos,6
Elsa.Orilla@gastech.com.kronos, Kare.Orilla@gastech.com.kronos,12
Claudio.Hawelon@gastech.com.kronos, Dylan.Scozzese@gastech.com.kronos,8
Valeria.Morlun@gastech.com.kronos, Dylan.Scozzese@gastech.com.kronos,4
Adra.Nubarron@gastech.com.kronos, Isande.Borrasca@gastech.com.kronos,5
Cecilia.Morluniau@gastech.com.kronos, Dylan.Scozzese@gastech.com.kronos,5
Vira.Frente@gastech.com.kronos, Axel.Calzas@gastech.com.kronos,7
Ruscella.Mies.Haber@gastech.com.kronos, Loreto.Bodrogi@gastech.com.kronos,2
Varro.Awelon@gastech.com.kronos, Dylan.Scozzese@gastech.com.kronos,3
Henk.Mies@gastech.com.kronos, Dylan.Scozzese@gastech.com.kronos,17
Lars.Azada@gastech.com.kronos, Isande.Borrasca@gastech.com.kronos,4
Adra.Nubarron@gastech.com.kronos, Vira.Frente@gastech.com.kronos,5
Axel.Calzas@gastech.com.kronos, Axel.Calzas@gastech.com.kronos,10
Adan.Morlun@gastech.com.kronos, Adan.Morlun@gastech.com.kronos,8
Valeria.Morlun@gastech.com.kronos, Claudio.Hawelon@gastech.com.kronos,5
Felix.Balas@gastech.com.kronos, Isande.Borrasca@gastech.com.kronos,4
Valeria.Morlun@gastech.com.kronos, Adan.Morlun@gastech.com.kronos,2
Valeria.Morlun@gastech.com.kronos, Benito.Hawelon@gastech.com.kronos,2
Dylan.Scozzese@gastech.com.kronos, Dylan.Scozzese@gastech.com.kronos,13
Henk.Mies@gastech.com.kronos, Emile.Arpa@gastech.com.kronos,14
Loreto.Bodrogi@gastech.com.kronos, Loreto.Bodrogi@gastech.com.kronos,5
Inga.Ferro@gastech.com.kronos, Loreto.Bodrogi@gastech.com.kronos,6
Isia.Vann@gastech.com.kronos, Loreto.Bodrogi@gastech.com.kronos,1
Benito.Hawelon@gastech.com.kronos, Benito.Hawelon@gastech.com.kronos,8
Varja.Lagos@gastech.com.kronos, Isia.Vann@gastech.com.kronos,5
Loreto.Bodrogi@gastech.com.kronos, Varja.Lagos@gastech.com.kronos,2
Hideki.Cocinaro@gastech.com.kronos, Varja.Lagos@gastech.com.kronos,3
Loreto.Bodrogi@gastech.com.kronos, Lars.Azada@gastech.com.kronos,1
Adan.Morlun@gastech.com.kronos, Lars.Azada@gastech.com.kronos,1
Isande.Borrasca@gastech.com.kronos, Felix.Balas@gastech.com.kronos,7
Albina.Hafon@gastech.com.kronos, Claudio.Hawelon@gastech.com.kronos,5
Vira.Frente@gastech.com.kronos, Felix.Balas@gastech.com.kronos,4
Linnea.Bergen@gastech.com.kronos, Loreto.Bodrogi@gastech.com.kronos,3
Claudio.Hawelon@gastech.com.kronos, Emile.Arpa@gastech.com.kronos,6
Axel.Calzas@gastech.com.kronos, Felix.Balas@gastech.com.kronos,6
Irene.Nant@gastech.com.kronos, Claudio.Hawelon@gastech.com.kronos,8
Emile.Arpa@gastech.com.kronos, Claudio.Hawelon@gastech.com.kronos,6
Henk.Mies@gastech.com.kronos, Varro.Awelon@gastech.com.kronos,11
Dylan.Scozzese@gastech.com.kronos, Varro.Awelon@gastech.com.kronos,4
Dante.Coginian@gastech.com.kronos, Cecilia.Morluniau@gastech.com.kronos,4
Ingrid.Barranco@gastech.com.kronos, Orhan.Strum@gastech.com.kronos,6
Varro.Awelon@gastech.com.kronos, Albina.Hafon@gastech.com.kronos,5
Hennie.Osvaldo@gastech.com.kronos, Loreto.Bodrogi@gastech.com.kronos,4
Dylan.Scozzese@gastech.com.kronos, Claudio.Hawelon@gastech.com.kronos,9
Claudio.Hawelon@gastech.com.kronos, Claudio.Hawelon@gastech.com.kronos,11
Minke.Mies@gastech.com.kronos, Loreto.Bodrogi@gastech.com.kronos,1
Axel.Calzas@gastech.com.kronos, Lidelse.Dedos@gastech.com.kronos,6
Dante.Coginian@gastech.com.kronos, Lars.Azada@gastech.com.kronos,1
Irene.Nant@gastech.com.kronos, Lars.Azada@gastech.com.kronos,1
Isak.Baza@gastech.com.kronos, Nils.Calixto@gastech.com.kronos,20
Benito.Hawelon@gastech.com.kronos, Emile.Arpa@gastech.com.kronos,7
Dylan.Scozzese@gastech.com.kronos, Benito.Hawelon@gastech.com.kronos,6
Gustav.Cazar@gastech.com.kronos, Brand.Tempestad@gastech.com.kronos,4
Dante.Coginian@gastech.com.kronos, Dylan.Scozzese@gastech.com.kronos,6
Loreto.Bodrogi@gastech.com.kronos, Edvard.Vann@gastech.com.kronos,1
Sven.Flecha@gastech.com.kronos, Nils.Calixto@gastech.com.kronos,15
Birgitta.Frente@gastech.com.kronos, Brand.Tempestad@gastech.com.kronos,4
Elsa.Orilla@gastech.com.kronos, Brand.Tempestad@gastech.com.kronos,10
Dylan.Scozzese@gastech.com.kronos, Valeria.Morlun@gastech.com.kronos,11
Dante.Coginian@gastech.com.kronos, Emile.Arpa@gastech.com.kronos,7
Isande.Borrasca@gastech.com.kronos, Brand.Tempestad@gastech.com.kronos,7
Bertrand.Ovan@gastech.com.kronos, Emile.Arpa@gastech.com.kronos,4
Minke.Mies@gastech.com.kronos, Lars.Azada@gastech.com.kronos,1
Brand.Tempestad@gastech.com.kronos, Axel.Calzas@gastech.com.kronos,8
Kare.Orilla@gastech.com.kronos, Brand.Tempestad@gastech.com.kronos,10
Henk.Mies@gastech.com.kronos, Dante.Coginian@gastech.com.kronos,13
Claudio.Hawelon@gastech.com.kronos, Lars.Azada@gastech.com.kronos,1
Claudio.Hawelon@gastech.com.kronos, Benito.Hawelon@gastech.com.kronos,6
Irene.Nant@gastech.com.kronos, Benito.Hawelon@gastech.com.kronos,3
Cecilia.Morluniau@gastech.com.kronos, Valeria.Morlun@gastech.com.kronos,5
Inga.Ferro@gastech.com.kronos, Lars.Azada@gastech.com.kronos,2
Cecilia.Morluniau@gastech.com.kronos, Claudio.Hawelon@gastech.com.kronos,8
Anda.Ribera@gastech.com.kronos, Lars.Azada@gastech.com.kronos,1
Varro.Awelon@gastech.com.kronos, Lars.Azada@gastech.com.kronos,1
Willem.Vasco-Pais@gastech.com.kronos, Sten.Sanjorge Jr.@gastech.com.tethys,5
Albina.Hafon@gastech.com.kronos, Emile.Arpa@gastech.com.kronos,6
Willem.Vasco-Pais@gastech.com.kronos, Lars.Azada@gastech.com.kronos,1
Edvard.Vann@gastech.com.kronos, Varja.Lagos@gastech.com.kronos,2
Felix.Balas@gastech.com.kronos, Brand.Tempestad@gastech.com.kronos,7
Birgitta.Frente@gastech.com.kronos, Adra.Nubarron@gastech.com.kronos,2
Brand.Tempestad@gastech.com.kronos, Isande.Borrasca@gastech.com.kronos,6
Albina.Hafon@gastech.com.kronos, Dylan.Scozzese@gastech.com.kronos,13
Isande.Borrasca@gastech.com.kronos, Gustav.Cazar@gastech.com.kronos,6
Kanon.Herrero@gastech.com.kronos, Hennie.Osvaldo@gastech.com.kronos,4
Adra.Nubarron@gastech.com.kronos, Adra.Nubarron@gastech.com.kronos,8
Irene.Nant@gastech.com.kronos, Dylan.Scozzese@gastech.com.kronos,6
Adan.Morlun@gastech.com.kronos, Dylan.Scozzese@gastech.com.kronos,13
Axel.Calzas@gastech.com.kronos, Brand.Tempestad@gastech.com.kronos,3
Inga.Ferro@gastech.com.kronos, Hennie.Osvaldo@gastech.com.kronos,5
Emile.Arpa@gastech.com.kronos, Albina.Hafon@gastech.com.kronos,3
Lidelse.Dedos@gastech.com.kronos, Brand.Tempestad@gastech.com.kronos,6
Brand.Tempestad@gastech.com.kronos, Brand.Tempestad@gastech.com.kronos,11
Adan.Morlun@gastech.com.kronos, Claudio.Hawelon@gastech.com.kronos,4
Varro.Awelon@gastech.com.kronos, Henk.Mies@gastech.com.kronos,5
Willem.Vasco-Pais@gastech.com.kronos, Ada.Campo-Corrente@gastech.com.kronos,7
Birgitta.Frente@gastech.com.kronos, Elsa.Orilla@gastech.com.kronos,2
Lidelse.Dedos@gastech.com.kronos, Elsa.Orilla@gastech.com.kronos,3
Brand.Tempestad@gastech.com.kronos, Elsa.Orilla@gastech.com.kronos,6
Varja.Lagos@gastech.com.kronos, Loreto.Bodrogi@gastech.com.kronos,6
Cecilia.Morluniau@gastech.com.kronos, Cecilia.Morluniau@gastech.com.kronos,9
Henk.Mies@gastech.com.kronos, Cecilia.Morluniau@gastech.com.kronos,14
Axel.Calzas@gastech.com.kronos, Kare.Orilla@gastech.com.kronos,8
Lidelse.Dedos@gastech.com.kronos, Felix.Balas@gastech.com.kronos,6
Adra.Nubarron@gastech.com.kronos, Brand.Tempestad@gastech.com.kronos,5
Felix.Resumir@gastech.com.kronos, Varja.Lagos@gastech.com.kronos,2
Dylan.Scozzese@gastech.com.kronos, Lars.Azada@gastech.com.kronos,1
Kanon.Herrero@gastech.com.kronos, Loreto.Bodrogi@gastech.com.kronos,2
Albina.Hafon@gastech.com.kronos, Cecilia.Morluniau@gastech.com.kronos,10
Stenig.Fusil@gastech.com.kronos, Varja.Lagos@gastech.com.kronos,3
Hennie.Osvaldo@gastech.com.kronos, Varja.Lagos@gastech.com.kronos,2
Brand.Tempestad@gastech.com.kronos, Felix.Balas@gastech.com.kronos,6
Linnea.Bergen@gastech.com.kronos, Felix.Balas@gastech.com.kronos,2
Mat.Bramar@gastech.com.kronos, Rachel.Pantanal@gastech.com.kronos,18
Lars.Azada@gastech.com.kronos, Felix.Balas@gastech.com.kronos,7
Felix.Resumir@gastech.com.kronos, Inga.Ferro@gastech.com.kronos,2
Bertrand.Ovan@gastech.com.kronos, Dante.Coginian@gastech.com.kronos,24
Birgitta.Frente@gastech.com.kronos, Felix.Balas@gastech.com.kronos,2
Carla.Forluniau@gastech.com.kronos, Rachel.Pantanal@gastech.com.kronos,19
Anda.Ribera@gastech.com.kronos, Rachel.Pantanal@gastech.com.kronos,13
Cornelia.Lais@gastech.com.kronos, Rachel.Pantanal@gastech.com.kronos,20
Dante.Coginian@gastech.com.kronos, Varro.Awelon@gastech.com.kronos,5
Ruscella.Mies.Haber@gastech.com.kronos, Rachel.Pantanal@gastech.com.kronos,14
Mat.Bramar@gastech.com.kronos, Felix.Balas@gastech.com.kronos,19
Ruscella.Mies.Haber@gastech.com.kronos, Felix.Balas@gastech.com.kronos,10
Adra.Nubarron@gastech.com.kronos, Felix.Balas@gastech.com.kronos,7
Adan.Morlun@gastech.com.kronos, Emile.Arpa@gastech.com.kronos,6
Marin.Onda@gastech.com.kronos, Felix.Balas@gastech.com.kronos,4
Irene.Nant@gastech.com.kronos, Dante.Coginian@gastech.com.kronos,6
Varro.Awelon@gastech.com.kronos, Dante.Coginian@gastech.com.kronos,5
Lucas.Alcazar@gastech.com.kronos, Felix.Balas@gastech.com.kronos,2
Bertrand.Ovan@gastech.com.kronos, Valeria.Morlun@gastech.com.kronos,24
Claudio.Hawelon@gastech.com.kronos, Valeria.Morlun@gastech.com.kronos,7
Gustav.Cazar@gastech.com.kronos, Felix.Balas@gastech.com.kronos,4
Vira.Frente@gastech.com.kronos, Lidelse.Dedos@gastech.com.kronos,4
Linda.Lagos@gastech.com.kronos, Rachel.Pantanal@gastech.com.kronos,18
Varja.Lagos@gastech.com.kronos, Inga.Ferro@gastech.com.kronos,5
Lars.Azada@gastech.com.kronos, Kare.Orilla@gastech.com.kronos,7
Birgitta.Frente@gastech.com.kronos, Kare.Orilla@gastech.com.kronos,3
Rachel.Pantanal@gastech.com.kronos, Rachel.Pantanal@gastech.com.kronos,14
Vira.Frente@gastech.com.kronos, Kare.Orilla@gastech.com.kronos,5
Hideki.Cocinaro@gastech.com.kronos, Inga.Ferro@gastech.com.kronos,1
Albina.Hafon@gastech.com.kronos, Henk.Mies@gastech.com.kronos,10
Stenig.Fusil@gastech.com.kronos, Inga.Ferro@gastech.com.kronos,3
Hennie.Osvaldo@gastech.com.kronos, Inga.Ferro@gastech.com.kronos,1
Kare.Orilla@gastech.com.kronos, Kare.Orilla@gastech.com.kronos,9
Ingrid.Barranco@gastech.com.kronos, Felix.Balas@gastech.com.kronos,5
Edvard.Vann@gastech.com.kronos, Felix.Balas@gastech.com.kronos,2
Adan.Morlun@gastech.com.kronos, Varro.Awelon@gastech.com.kronos,6
Elsa.Orilla@gastech.com.kronos, Felix.Balas@gastech.com.kronos,8
Ada.Campo-Corrente@gastech.com.kronos, Felix.Balas@gastech.com.kronos,2
Bertrand.Ovan@gastech.com.kronos, Bertrand.Ovan@gastech.com.kronos,4
Adan.Morlun@gastech.com.kronos, Bertrand.Ovan@gastech.com.kronos,2
Albina.Hafon@gastech.com.kronos, Bertrand.Ovan@gastech.com.kronos,2
Cecilia.Morluniau@gastech.com.kronos, Benito.Hawelon@gastech.com.kronos,3
Henk.Mies@gastech.com.kronos, Bertrand.Ovan@gastech.com.kronos,5
Loreto.Bodrogi@gastech.com.kronos, Felix.Resumir@gastech.com.kronos,1
Felix.Resumir@gastech.com.kronos, Felix.Balas@gastech.com.kronos,2
Felix.Balas@gastech.com.kronos, Axel.Calzas@gastech.com.kronos,5
Stenig.Fusil@gastech.com.kronos, Felix.Resumir@gastech.com.kronos,8
Hennie.Osvaldo@gastech.com.kronos, Felix.Balas@gastech.com.kronos,3
Lars.Azada@gastech.com.kronos, Axel.Calzas@gastech.com.kronos,10
Varro.Awelon@gastech.com.kronos, Irene.Nant@gastech.com.kronos,4
Adra.Nubarron@gastech.com.kronos, Axel.Calzas@gastech.com.kronos,4
Lidelse.Dedos@gastech.com.kronos, Axel.Calzas@gastech.com.kronos,5
Edvard.Vann@gastech.com.kronos, Hennie.Osvaldo@gastech.com.kronos,4
Stenig.Fusil@gastech.com.kronos, Edvard.Vann@gastech.com.kronos,4
Felix.Resumir@gastech.com.kronos, Hennie.Osvaldo@gastech.com.kronos,3
Dylan.Scozzese@gastech.com.kronos, Irene.Nant@gastech.com.kronos,6
Emile.Arpa@gastech.com.kronos, Cecilia.Morluniau@gastech.com.kronos,1
Isak.Baza@gastech.com.kronos, Felix.Balas@gastech.com.kronos,2
Lidelse.Dedos@gastech.com.kronos, Gustav.Cazar@gastech.com.kronos,3
Isia.Vann@gastech.com.kronos, Edvard.Vann@gastech.com.kronos,3
Kanon.Herrero@gastech.com.kronos, Felix.Balas@gastech.com.kronos,1
Edvard.Vann@gastech.com.kronos, Edvard.Vann@gastech.com.kronos,5
Emile.Arpa@gastech.com.kronos, Henk.Mies@gastech.com.kronos,2
Marin.Onda@gastech.com.kronos, Gustav.Cazar@gastech.com.kronos,3
Lars.Azada@gastech.com.kronos, Gustav.Cazar@gastech.com.kronos,3
Claudio.Hawelon@gastech.com.kronos, Irene.Nant@gastech.com.kronos,11
Dylan.Scozzese@gastech.com.kronos, Henk.Mies@gastech.com.kronos,9
Gustav.Cazar@gastech.com.kronos, Isande.Borrasca@gastech.com.kronos,4
Brand.Tempestad@gastech.com.kronos, Vira.Frente@gastech.com.kronos,5
Axel.Calzas@gastech.com.kronos, Isande.Borrasca@gastech.com.kronos,5
Hideki.Cocinaro@gastech.com.kronos, Felix.Balas@gastech.com.kronos,1
Isia.Vann@gastech.com.kronos, Kanon.Herrero@gastech.com.kronos,1
Benito.Hawelon@gastech.com.kronos, Cecilia.Morluniau@gastech.com.kronos,7
Benito.Hawelon@gastech.com.kronos, Felix.Balas@gastech.com.kronos,1
Varja.Lagos@gastech.com.kronos, Kanon.Herrero@gastech.com.kronos,4
Kanon.Herrero@gastech.com.kronos, Kanon.Herrero@gastech.com.kronos,2
Marin.Onda@gastech.com.kronos, Adra.Nubarron@gastech.com.kronos,4
Cornelia.Lais@gastech.com.kronos, Felix.Balas@gastech.com.kronos,1
Emile.Arpa@gastech.com.kronos, Felix.Balas@gastech.com.kronos,1
Ingrid.Barranco@gastech.com.kronos, Sten.Sanjorge Jr.@gastech.com.tethys,4
Brand.Tempestad@gastech.com.kronos, Adra.Nubarron@gastech.com.kronos,8
Vira.Frente@gastech.com.kronos, Birgitta.Frente@gastech.com.kronos,2
Benito.Hawelon@gastech.com.kronos, Irene.Nant@gastech.com.kronos,5
Hennie.Osvaldo@gastech.com.kronos, Hideki.Cocinaro@gastech.com.kronos,2
Elsa.Orilla@gastech.com.kronos, Adra.Nubarron@gastech.com.kronos,9
Valeria.Morlun@gastech.com.kronos, Henk.Mies@gastech.com.kronos,3
Ruscella.Mies.Haber@gastech.com.kronos, Isia.Vann@gastech.com.kronos,2
Adra.Nubarron@gastech.com.kronos, Birgitta.Frente@gastech.com.kronos,6
Valeria.Morlun@gastech.com.kronos, Emile.Arpa@gastech.com.kronos,2
Valeria.Morlun@gastech.com.kronos, Cecilia.Morluniau@gastech.com.kronos,2
Loreto.Bodrogi@gastech.com.kronos, Isia.Vann@gastech.com.kronos,3
Inga.Ferro@gastech.com.kronos, Isia.Vann@gastech.com.kronos,5
Varja.Lagos@gastech.com.kronos, Hideki.Cocinaro@gastech.com.kronos,4
Hideki.Cocinaro@gastech.com.kronos, Isia.Vann@gastech.com.kronos,4
Loreto.Bodrogi@gastech.com.kronos, Felix.Balas@gastech.com.kronos,1
Adan.Morlun@gastech.com.kronos, Felix.Balas@gastech.com.kronos,1
Isande.Borrasca@gastech.com.kronos, Axel.Calzas@gastech.com.kronos,10
Linnea.Bergen@gastech.com.kronos, Isia.Vann@gastech.com.kronos,3
Irene.Nant@gastech.com.kronos, Emile.Arpa@gastech.com.kronos,4
Dante.Coginian@gastech.com.kronos, Claudio.Hawelon@gastech.com.kronos,4
Minke.Mies@gastech.com.kronos, Isia.Vann@gastech.com.kronos,1
Dante.Coginian@gastech.com.kronos, Felix.Balas@gastech.com.kronos,1
Irene.Nant@gastech.com.kronos, Felix.Balas@gastech.com.kronos,1
Gustav.Cazar@gastech.com.kronos, Elsa.Orilla@gastech.com.kronos,2
Gustav.Cazar@gastech.com.kronos, Lidelse.Dedos@gastech.com.kronos,7
Isande.Borrasca@gastech.com.kronos, Elsa.Orilla@gastech.com.kronos,5
Bertrand.Ovan@gastech.com.kronos, Dylan.Scozzese@gastech.com.kronos,24
Minke.Mies@gastech.com.kronos, Felix.Balas@gastech.com.kronos,1
Kare.Orilla@gastech.com.kronos, Elsa.Orilla@gastech.com.kronos,6
Claudio.Hawelon@gastech.com.kronos, Felix.Balas@gastech.com.kronos,1
Inga.Ferro@gastech.com.kronos, Felix.Balas@gastech.com.kronos,2
Anda.Ribera@gastech.com.kronos, Felix.Balas@gastech.com.kronos,1
Varro.Awelon@gastech.com.kronos, Felix.Balas@gastech.com.kronos,1
Birgitta.Frente@gastech.com.kronos, Gustav.Cazar@gastech.com.kronos,3
Albina.Hafon@gastech.com.kronos, Adan.Morlun@gastech.com.kronos,8
Willem.Vasco-Pais@gastech.com.kronos, Felix.Balas@gastech.com.kronos,1
Felix.Balas@gastech.com.kronos, Birgitta.Frente@gastech.com.kronos,3
Brand.Tempestad@gastech.com.kronos, Birgitta.Frente@gastech.com.kronos,6
Kanon.Herrero@gastech.com.kronos, Inga.Ferro@gastech.com.kronos,5
Irene.Nant@gastech.com.kronos, Adan.Morlun@gastech.com.kronos,8
Inga.Ferro@gastech.com.kronos, Inga.Ferro@gastech.com.kronos,2
Varro.Awelon@gastech.com.kronos, Benito.Hawelon@gastech.com.kronos,4
Willem.Vasco-Pais@gastech.com.kronos, Ingrid.Barranco@gastech.com.kronos,4
Benito.Hawelon@gastech.com.kronos, Adan.Morlun@gastech.com.kronos,6
Felix.Balas@gastech.com.kronos, Adra.Nubarron@gastech.com.kronos,5
Felix.Resumir@gastech.com.kronos, Loreto.Bodrogi@gastech.com.kronos,2
Dylan.Scozzese@gastech.com.kronos, Felix.Balas@gastech.com.kronos,1
Kare.Orilla@gastech.com.kronos, Adra.Nubarron@gastech.com.kronos,7
Emile.Arpa@gastech.com.kronos, Dante.Coginian@gastech.com.kronos,2
Dante.Coginian@gastech.com.kronos, Benito.Hawelon@gastech.com.kronos,6
Edvard.Vann@gastech.com.kronos, Loreto.Bodrogi@gastech.com.kronos,2
Inga.Ferro@gastech.com.kronos, Varja.Lagos@gastech.com.kronos,2
Dante.Coginian@gastech.com.kronos, Dante.Coginian@gastech.com.kronos,7
Stenig.Fusil@gastech.com.kronos, Loreto.Bodrogi@gastech.com.kronos,5
Linnea.Bergen@gastech.com.kronos, Isande.Borrasca@gastech.com.kronos,2
Mat.Bramar@gastech.com.kronos, Linda.Lagos@gastech.com.kronos,18
Axel.Calzas@gastech.com.kronos, Birgitta.Frente@gastech.com.kronos,6
Loreto.Bodrogi@gastech.com.kronos, Inga.Ferro@gastech.com.kronos,2
Bertrand.Ovan@gastech.com.kronos, Albina.Hafon@gastech.com.kronos,23
Carla.Forluniau@gastech.com.kronos, Linda.Lagos@gastech.com.kronos,19
Anda.Ribera@gastech.com.kronos, Linda.Lagos@gastech.com.kronos,13
Cornelia.Lais@gastech.com.kronos, Linda.Lagos@gastech.com.kronos,20
Vira.Frente@gastech.com.kronos, Brand.Tempestad@gastech.com.kronos,5
Ruscella.Mies.Haber@gastech.com.kronos, Linda.Lagos@gastech.com.kronos,14
Mat.Bramar@gastech.com.kronos, Isande.Borrasca@gastech.com.kronos,19
Ruscella.Mies.Haber@gastech.com.kronos, Isande.Borrasca@gastech.com.kronos,10
Marin.Onda@gastech.com.kronos, Brand.Tempestad@gastech.com.kronos,3
Cecilia.Morluniau@gastech.com.kronos, Adan.Morlun@gastech.com.kronos,6
Varro.Awelon@gastech.com.kronos, Adan.Morlun@gastech.com.kronos,3
Lucas.Alcazar@gastech.com.kronos, Isande.Borrasca@gastech.com.kronos,2
Isande.Borrasca@gastech.com.kronos, Marin.Onda@gastech.com.kronos,6
Linda.Lagos@gastech.com.kronos, Linda.Lagos@gastech.com.kronos,18
Birgitta.Frente@gastech.com.kronos, Isande.Borrasca@gastech.com.kronos,3
Rachel.Pantanal@gastech.com.kronos, Linda.Lagos@gastech.com.kronos,14
Vira.Frente@gastech.com.kronos, Isande.Borrasca@gastech.com.kronos,2
Hideki.Cocinaro@gastech.com.kronos, Hideki.Cocinaro@gastech.com.kronos,3
Stenig.Fusil@gastech.com.kronos, Hideki.Cocinaro@gastech.com.kronos,5
Vira.Frente@gastech.com.kronos, Marin.Onda@gastech.com.kronos,5
Kare.Orilla@gastech.com.kronos, Marin.Onda@gastech.com.kronos,6
Ingrid.Barranco@gastech.com.kronos, Isande.Borrasca@gastech.com.kronos,5
Edvard.Vann@gastech.com.kronos, Isande.Borrasca@gastech.com.kronos,2
Ada.Campo-Corrente@gastech.com.kronos, Isande.Borrasca@gastech.com.kronos,2
Valeria.Morlun@gastech.com.kronos, Valeria.Morlun@gastech.com.kronos,4
Albina.Hafon@gastech.com.kronos, Varro.Awelon@gastech.com.kronos,4
Loreto.Bodrogi@gastech.com.kronos, Kanon.Herrero@gastech.com.kronos,2
Felix.Resumir@gastech.com.kronos, Isande.Borrasca@gastech.com.kronos,2
Stenig.Fusil@gastech.com.kronos, Kanon.Herrero@gastech.com.kronos,3
Hennie.Osvaldo@gastech.com.kronos, Isande.Borrasca@gastech.com.kronos,3
Henk.Mies@gastech.com.kronos, Irene.Nant@gastech.com.kronos,15
Adra.Nubarron@gastech.com.kronos, Lidelse.Dedos@gastech.com.kronos,5
Edvard.Vann@gastech.com.kronos, Inga.Ferro@gastech.com.kronos,3
Elsa.Orilla@gastech.com.kronos, Vira.Frente@gastech.com.kronos,9
Axel.Calzas@gastech.com.kronos, Vira.Frente@gastech.com.kronos,6
Kare.Orilla@gastech.com.kronos, Axel.Calzas@gastech.com.kronos,5
Irene.Nant@gastech.com.kronos, Irene.Nant@gastech.com.kronos,9
Emile.Arpa@gastech.com.kronos, Benito.Hawelon@gastech.com.kronos,3
Isak.Baza@gastech.com.kronos, Isande.Borrasca@gastech.com.kronos,2
Kare.Orilla@gastech.com.kronos, Vira.Frente@gastech.com.kronos,3
Lidelse.Dedos@gastech.com.kronos, Birgitta.Frente@gastech.com.kronos,4
Isia.Vann@gastech.com.kronos, Hideki.Cocinaro@gastech.com.kronos,3
Kanon.Herrero@gastech.com.kronos, Isande.Borrasca@gastech.com.kronos,1
Gustav.Cazar@gastech.com.kronos, Vira.Frente@gastech.com.kronos,3
Edvard.Vann@gastech.com.kronos, Hideki.Cocinaro@gastech.com.kronos,2
Marin.Onda@gastech.com.kronos, Birgitta.Frente@gastech.com.kronos,3
Lars.Azada@gastech.com.kronos, Birgitta.Frente@gastech.com.kronos,5
Gustav.Cazar@gastech.com.kronos, Birgitta.Frente@gastech.com.kronos,4
Elsa.Orilla@gastech.com.kronos, Lidelse.Dedos@gastech.com.kronos,9
Isande.Borrasca@gastech.com.kronos, Birgitta.Frente@gastech.com.kronos,6
Hideki.Cocinaro@gastech.com.kronos, Minke.Mies@gastech.com.kronos,2
Hideki.Cocinaro@gastech.com.kronos, Isande.Borrasca@gastech.com.kronos,1
Stenig.Fusil@gastech.com.kronos, Minke.Mies@gastech.com.kronos,3
Lidelse.Dedos@gastech.com.kronos, Kare.Orilla@gastech.com.kronos,7
Benito.Hawelon@gastech.com.kronos, Isande.Borrasca@gastech.com.kronos,1
Isia.Vann@gastech.com.kronos, Minke.Mies@gastech.com.kronos,2
Marin.Onda@gastech.com.kronos, Vira.Frente@gastech.com.kronos,2
Cornelia.Lais@gastech.com.kronos, Isande.Borrasca@gastech.com.kronos,1
Marin.Onda@gastech.com.kronos, Isande.Borrasca@gastech.com.kronos,2
Cecilia.Morluniau@gastech.com.kronos, Irene.Nant@gastech.com.kronos,7
Emile.Arpa@gastech.com.kronos, Isande.Borrasca@gastech.com.kronos,1
Varro.Awelon@gastech.com.kronos, Valeria.Morlun@gastech.com.kronos,3
Hennie.Osvaldo@gastech.com.kronos, Felix.Resumir@gastech.com.kronos,3
Ruscella.Mies.Haber@gastech.com.kronos, Hennie.Osvaldo@gastech.com.kronos,2
Varja.Lagos@gastech.com.kronos, Felix.Resumir@gastech.com.kronos,4
Loreto.Bodrogi@gastech.com.kronos, Isande.Borrasca@gastech.com.kronos,1
Adan.Morlun@gastech.com.kronos, Isande.Borrasca@gastech.com.kronos,1
Linnea.Bergen@gastech.com.kronos, Hennie.Osvaldo@gastech.com.kronos,3
Emile.Arpa@gastech.com.kronos, Varro.Awelon@gastech.com.kronos,3
Hennie.Osvaldo@gastech.com.kronos, Hennie.Osvaldo@gastech.com.kronos,4
Emile.Arpa@gastech.com.kronos, Irene.Nant@gastech.com.kronos,3
Minke.Mies@gastech.com.kronos, Hennie.Osvaldo@gastech.com.kronos,1
Dante.Coginian@gastech.com.kronos, Isande.Borrasca@gastech.com.kronos,1
Irene.Nant@gastech.com.kronos, Isande.Borrasca@gastech.com.kronos,1
Birgitta.Frente@gastech.com.kronos, Axel.Calzas@gastech.com.kronos,3
Elsa.Orilla@gastech.com.kronos, Axel.Calzas@gastech.com.kronos,10
Gustav.Cazar@gastech.com.kronos, Adra.Nubarron@gastech.com.kronos,4
Bertrand.Ovan@gastech.com.kronos, Claudio.Hawelon@gastech.com.kronos,24
Minke.Mies@gastech.com.kronos, Isande.Borrasca@gastech.com.kronos,1
Claudio.Hawelon@gastech.com.kronos, Isande.Borrasca@gastech.com.kronos,1
Inga.Ferro@gastech.com.kronos, Isande.Borrasca@gastech.com.kronos,2
Anda.Ribera@gastech.com.kronos, Isande.Borrasca@gastech.com.kronos,1
Varro.Awelon@gastech.com.kronos, Isande.Borrasca@gastech.com.kronos,1
Valeria.Morlun@gastech.com.kronos, Albina.Hafon@gastech.com.kronos,2
Willem.Vasco-Pais@gastech.com.kronos, Isande.Borrasca@gastech.com.kronos,1
Felix.Balas@gastech.com.kronos, Gustav.Cazar@gastech.com.kronos,1
Felix.Balas@gastech.com.kronos, Marin.Onda@gastech.com.kronos,4
Brand.Tempestad@gastech.com.kronos, Gustav.Cazar@gastech.com.kronos,3
Isande.Borrasca@gastech.com.kronos, Lidelse.Dedos@gastech.com.kronos,6
Kanon.Herrero@gastech.com.kronos, Felix.Resumir@gastech.com.kronos,4
Gustav.Cazar@gastech.com.kronos, Marin.Onda@gastech.com.kronos,3
Inga.Ferro@gastech.com.kronos, Felix.Resumir@gastech.com.kronos,1
Birgitta.Frente@gastech.com.kronos, Birgitta.Frente@gastech.com.kronos,4
Adra.Nubarron@gastech.com.kronos, Marin.Onda@gastech.com.kronos,7
Kare.Orilla@gastech.com.kronos, Lidelse.Dedos@gastech.com.kronos,4
Felix.Resumir@gastech.com.kronos, Edvard.Vann@gastech.com.kronos,3
Dylan.Scozzese@gastech.com.kronos, Isande.Borrasca@gastech.com.kronos,1
Hennie.Osvaldo@gastech.com.kronos, Edvard.Vann@gastech.com.kronos,1
Varja.Lagos@gastech.com.kronos, Edvard.Vann@gastech.com.kronos,2
Linnea.Bergen@gastech.com.kronos, Axel.Calzas@gastech.com.kronos,2
Mat.Bramar@gastech.com.kronos, Ruscella.Mies.Haber@gastech.com.kronos,18
Felix.Resumir@gastech.com.kronos, Kanon.Herrero@gastech.com.kronos,1
Carla.Forluniau@gastech.com.kronos, Ruscella.Mies.Haber@gastech.com.kronos,19
Anda.Ribera@gastech.com.kronos, Ruscella.Mies.Haber@gastech.com.kronos,13
Cornelia.Lais@gastech.com.kronos, Ruscella.Mies.Haber@gastech.com.kronos,20
Ruscella.Mies.Haber@gastech.com.kronos, Ruscella.Mies.Haber@gastech.com.kronos,15
Mat.Bramar@gastech.com.kronos, Axel.Calzas@gastech.com.kronos,19
Ruscella.Mies.Haber@gastech.com.kronos, Axel.Calzas@gastech.com.kronos,10
Adra.Nubarron@gastech.com.kronos, Kare.Orilla@gastech.com.kronos,7
Lucas.Alcazar@gastech.com.kronos, Axel.Calzas@gastech.com.kronos,2
Linda.Lagos@gastech.com.kronos, Ruscella.Mies.Haber@gastech.com.kronos,18
Rachel.Pantanal@gastech.com.kronos, Ruscella.Mies.Haber@gastech.com.kronos,14
Ingrid.Barranco@gastech.com.kronos, Axel.Calzas@gastech.com.kronos,5
Edvard.Vann@gastech.com.kronos, Axel.Calzas@gastech.com.kronos,2
Ada.Campo-Corrente@gastech.com.kronos, Axel.Calzas@gastech.com.kronos,2
Felix.Resumir@gastech.com.kronos, Axel.Calzas@gastech.com.kronos,2
Hennie.Osvaldo@gastech.com.kronos, Axel.Calzas@gastech.com.kronos,3
Isak.Baza@gastech.com.kronos, Axel.Calzas@gastech.com.kronos,2
Kanon.Herrero@gastech.com.kronos, Axel.Calzas@gastech.com.kronos,1
Kanon.Herrero@gastech.com.kronos, Edvard.Vann@gastech.com.kronos,4
Emile.Arpa@gastech.com.kronos, Dylan.Scozzese@gastech.com.kronos,3
Marin.Onda@gastech.com.kronos, Axel.Calzas@gastech.com.kronos,3
Hideki.Cocinaro@gastech.com.kronos, Axel.Calzas@gastech.com.kronos,1
Benito.Hawelon@gastech.com.kronos, Axel.Calzas@gastech.com.kronos,1
Cornelia.Lais@gastech.com.kronos, Axel.Calzas@gastech.com.kronos,1
Emile.Arpa@gastech.com.kronos, Axel.Calzas@gastech.com.kronos,1
Varro.Awelon@gastech.com.kronos, Claudio.Hawelon@gastech.com.kronos,5
Ruscella.Mies.Haber@gastech.com.kronos, Minke.Mies@gastech.com.kronos,2
Loreto.Bodrogi@gastech.com.kronos, Minke.Mies@gastech.com.kronos,3
Inga.Ferro@gastech.com.kronos, Minke.Mies@gastech.com.kronos,6
Loreto.Bodrogi@gastech.com.kronos, Axel.Calzas@gastech.com.kronos,1
Adan.Morlun@gastech.com.kronos, Axel.Calzas@gastech.com.kronos,1
Linnea.Bergen@gastech.com.kronos, Minke.Mies@gastech.com.kronos,3
Hennie.Osvaldo@gastech.com.kronos, Minke.Mies@gastech.com.kronos,3
Minke.Mies@gastech.com.kronos, Minke.Mies@gastech.com.kronos,1
Dante.Coginian@gastech.com.kronos, Axel.Calzas@gastech.com.kronos,1
Irene.Nant@gastech.com.kronos, Axel.Calzas@gastech.com.kronos,1
Minke.Mies@gastech.com.kronos, Axel.Calzas@gastech.com.kronos,1
Kare.Orilla@gastech.com.kronos, Isande.Borrasca@gastech.com.kronos,3
Claudio.Hawelon@gastech.com.kronos, Axel.Calzas@gastech.com.kronos,1
Inga.Ferro@gastech.com.kronos, Axel.Calzas@gastech.com.kronos,2
Anda.Ribera@gastech.com.kronos, Axel.Calzas@gastech.com.kronos,1
Varro.Awelon@gastech.com.kronos, Axel.Calzas@gastech.com.kronos,1
Willem.Vasco-Pais@gastech.com.kronos, Axel.Calzas@gastech.com.kronos,1
Bertrand.Ovan@gastech.com.kronos, Irene.Nant@gastech.com.kronos,23
Elsa.Orilla@gastech.com.kronos, Birgitta.Frente@gastech.com.kronos,8
Albina.Hafon@gastech.com.kronos, Dante.Coginian@gastech.com.kronos,5
Kare.Orilla@gastech.com.kronos, Birgitta.Frente@gastech.com.kronos,2
Inga.Ferro@gastech.com.kronos, Edvard.Vann@gastech.com.kronos,1
Felix.Balas@gastech.com.kronos, Kare.Orilla@gastech.com.kronos,6
Felix.Resumir@gastech.com.kronos, Stenig.Fusil@gastech.com.kronos,2
Dylan.Scozzese@gastech.com.kronos, Axel.Calzas@gastech.com.kronos,1
Edvard.Vann@gastech.com.kronos, Stenig.Fusil@gastech.com.kronos,1
Inga.Ferro@gastech.com.kronos, Kanon.Herrero@gastech.com.kronos,1
Linnea.Bergen@gastech.com.kronos, Gustav.Cazar@gastech.com.kronos,2
Mat.Bramar@gastech.com.kronos, Carla.Forluniau@gastech.com.kronos,18
Carla.Forluniau@gastech.com.kronos, Carla.Forluniau@gastech.com.kronos,19
Anda.Ribera@gastech.com.kronos, Carla.Forluniau@gastech.com.kronos,13
Cornelia.Lais@gastech.com.kronos, Carla.Forluniau@gastech.com.kronos,20
Adan.Morlun@gastech.com.kronos, Irene.Nant@gastech.com.kronos,5
Vira.Frente@gastech.com.kronos, Adra.Nubarron@gastech.com.kronos,3
Ruscella.Mies.Haber@gastech.com.kronos, Carla.Forluniau@gastech.com.kronos,14
Mat.Bramar@gastech.com.kronos, Gustav.Cazar@gastech.com.kronos,19
Ruscella.Mies.Haber@gastech.com.kronos, Gustav.Cazar@gastech.com.kronos,10
Lucas.Alcazar@gastech.com.kronos, Gustav.Cazar@gastech.com.kronos,2
Linda.Lagos@gastech.com.kronos, Carla.Forluniau@gastech.com.kronos,18
Rachel.Pantanal@gastech.com.kronos, Carla.Forluniau@gastech.com.kronos,14
Hideki.Cocinaro@gastech.com.kronos, Felix.Resumir@gastech.com.kronos,1
Ingrid.Barranco@gastech.com.kronos, Gustav.Cazar@gastech.com.kronos,5
Edvard.Vann@gastech.com.kronos, Gustav.Cazar@gastech.com.kronos,2
Ada.Campo-Corrente@gastech.com.kronos, Gustav.Cazar@gastech.com.kronos,2
Felix.Resumir@gastech.com.kronos, Gustav.Cazar@gastech.com.kronos,2
Hennie.Osvaldo@gastech.com.kronos, Gustav.Cazar@gastech.com.kronos,3
Dante.Coginian@gastech.com.kronos, Henk.Mies@gastech.com.kronos,5
Edvard.Vann@gastech.com.kronos, Felix.Resumir@gastech.com.kronos,3
Axel.Calzas@gastech.com.kronos, Adra.Nubarron@gastech.com.kronos,4
Felix.Resumir@gastech.com.kronos, Felix.Resumir@gastech.com.kronos,2
Isak.Baza@gastech.com.kronos, Gustav.Cazar@gastech.com.kronos,2
Kanon.Herrero@gastech.com.kronos, Gustav.Cazar@gastech.com.kronos,1
Hideki.Cocinaro@gastech.com.kronos, Edvard.Vann@gastech.com.kronos,2
Hideki.Cocinaro@gastech.com.kronos, Gustav.Cazar@gastech.com.kronos,1
Adra.Nubarron@gastech.com.kronos, Gustav.Cazar@gastech.com.kronos,5
Benito.Hawelon@gastech.com.kronos, Gustav.Cazar@gastech.com.kronos,1
Cornelia.Lais@gastech.com.kronos, Gustav.Cazar@gastech.com.kronos,1
Emile.Arpa@gastech.com.kronos, Gustav.Cazar@gastech.com.kronos,1
Hennie.Osvaldo@gastech.com.kronos, Kanon.Herrero@gastech.com.kronos,1
Felix.Balas@gastech.com.kronos, Elsa.Orilla@gastech.com.kronos,3
Loreto.Bodrogi@gastech.com.kronos, Gustav.Cazar@gastech.com.kronos,1
Adan.Morlun@gastech.com.kronos, Gustav.Cazar@gastech.com.kronos,1
Linnea.Bergen@gastech.com.kronos, Ruscella.Mies.Haber@gastech.com.kronos,3
Hennie.Osvaldo@gastech.com.kronos, Ruscella.Mies.Haber@gastech.com.kronos,2
Loreto.Bodrogi@gastech.com.kronos, Ruscella.Mies.Haber@gastech.com.kronos,1
Inga.Ferro@gastech.com.kronos, Ruscella.Mies.Haber@gastech.com.kronos,2
Minke.Mies@gastech.com.kronos, Ruscella.Mies.Haber@gastech.com.kronos,1
Dante.Coginian@gastech.com.kronos, Gustav.Cazar@gastech.com.kronos,1
Irene.Nant@gastech.com.kronos, Gustav.Cazar@gastech.com.kronos,1
Benito.Hawelon@gastech.com.kronos, Bertrand.Ovan@gastech.com.kronos,2
Dante.Coginian@gastech.com.kronos, Bertrand.Ovan@gastech.com.kronos,2
Dylan.Scozzese@gastech.com.kronos, Bertrand.Ovan@gastech.com.kronos,2
Minke.Mies@gastech.com.kronos, Gustav.Cazar@gastech.com.kronos,1
Claudio.Hawelon@gastech.com.kronos, Gustav.Cazar@gastech.com.kronos,1
Irene.Nant@gastech.com.kronos, Valeria.Morlun@gastech.com.kronos,2
Inga.Ferro@gastech.com.kronos, Gustav.Cazar@gastech.com.kronos,2
Anda.Ribera@gastech.com.kronos, Gustav.Cazar@gastech.com.kronos,1
Varro.Awelon@gastech.com.kronos, Gustav.Cazar@gastech.com.kronos,1
Willem.Vasco-Pais@gastech.com.kronos, Gustav.Cazar@gastech.com.kronos,1
Lidelse.Dedos@gastech.com.kronos, Adra.Nubarron@gastech.com.kronos,6
Isande.Borrasca@gastech.com.kronos, Adra.Nubarron@gastech.com.kronos,4
Loreto.Bodrogi@gastech.com.kronos, Hideki.Cocinaro@gastech.com.kronos,1
Dylan.Scozzese@gastech.com.kronos, Gustav.Cazar@gastech.com.kronos,1
Emile.Arpa@gastech.com.kronos, Bertrand.Ovan@gastech.com.kronos,1
Kanon.Herrero@gastech.com.kronos, Hideki.Cocinaro@gastech.com.kronos,1
Dante.Coginian@gastech.com.kronos, Valeria.Morlun@gastech.com.kronos,4
Inga.Ferro@gastech.com.kronos, Hideki.Cocinaro@gastech.com.kronos,1
Claudio.Hawelon@gastech.com.kronos, Bertrand.Ovan@gastech.com.kronos,2
Linnea.Bergen@gastech.com.kronos, Lidelse.Dedos@gastech.com.kronos,2
Mat.Bramar@gastech.com.kronos, Cornelia.Lais@gastech.com.kronos,18
Bertrand.Ovan@gastech.com.kronos, Henk.Mies@gastech.com.kronos,25
Carla.Forluniau@gastech.com.kronos, Cornelia.Lais@gastech.com.kronos,19
Anda.Ribera@gastech.com.kronos, Cornelia.Lais@gastech.com.kronos,13
Cornelia.Lais@gastech.com.kronos, Cornelia.Lais@gastech.com.kronos,20
Ruscella.Mies.Haber@gastech.com.kronos, Cornelia.Lais@gastech.com.kronos,14
Mat.Bramar@gastech.com.kronos, Lidelse.Dedos@gastech.com.kronos,19
Ruscella.Mies.Haber@gastech.com.kronos, Lidelse.Dedos@gastech.com.kronos,10
Lucas.Alcazar@gastech.com.kronos, Lidelse.Dedos@gastech.com.kronos,2
Linda.Lagos@gastech.com.kronos, Cornelia.Lais@gastech.com.kronos,18
Lars.Azada@gastech.com.kronos, Brand.Tempestad@gastech.com.kronos,5
Rachel.Pantanal@gastech.com.kronos, Cornelia.Lais@gastech.com.kronos,14
Ingrid.Barranco@gastech.com.kronos, Lidelse.Dedos@gastech.com.kronos,5
Edvard.Vann@gastech.com.kronos, Lidelse.Dedos@gastech.com.kronos,2
Ada.Campo-Corrente@gastech.com.kronos, Lidelse.Dedos@gastech.com.kronos,2
Bertrand.Ovan@gastech.com.kronos, Cecilia.Morluniau@gastech.com.kronos,23
Felix.Resumir@gastech.com.kronos, Lidelse.Dedos@gastech.com.kronos,2
Hennie.Osvaldo@gastech.com.kronos, Lidelse.Dedos@gastech.com.kronos,3
Isak.Baza@gastech.com.kronos, Lidelse.Dedos@gastech.com.kronos,2
Kanon.Herrero@gastech.com.kronos, Lidelse.Dedos@gastech.com.kronos,1
Marin.Onda@gastech.com.kronos, Lidelse.Dedos@gastech.com.kronos,3
Hideki.Cocinaro@gastech.com.kronos, Lidelse.Dedos@gastech.com.kronos,1
Benito.Hawelon@gastech.com.kronos, Lidelse.Dedos@gastech.com.kronos,1
Isia.Vann@gastech.com.kronos, Stenig.Fusil@gastech.com.kronos,1
Cornelia.Lais@gastech.com.kronos, Lidelse.Dedos@gastech.com.kronos,1
Emile.Arpa@gastech.com.kronos, Lidelse.Dedos@gastech.com.kronos,1
Valeria.Morlun@gastech.com.kronos, Irene.Nant@gastech.com.kronos,2
Loreto.Bodrogi@gastech.com.kronos, Lidelse.Dedos@gastech.com.kronos,1
Adan.Morlun@gastech.com.kronos, Lidelse.Dedos@gastech.com.kronos,1
Dante.Coginian@gastech.com.kronos, Lidelse.Dedos@gastech.com.kronos,1
Irene.Nant@gastech.com.kronos, Lidelse.Dedos@gastech.com.kronos,1
Minke.Mies@gastech.com.kronos, Lidelse.Dedos@gastech.com.kronos,1
Claudio.Hawelon@gastech.com.kronos, Lidelse.Dedos@gastech.com.kronos,1
Inga.Ferro@gastech.com.kronos, Lidelse.Dedos@gastech.com.kronos,2
Anda.Ribera@gastech.com.kronos, Lidelse.Dedos@gastech.com.kronos,1
Varro.Awelon@gastech.com.kronos, Lidelse.Dedos@gastech.com.kronos,1
Willem.Vasco-Pais@gastech.com.kronos, Lidelse.Dedos@gastech.com.kronos,1
Varja.Lagos@gastech.com.kronos, Minke.Mies@gastech.com.kronos,4
Dylan.Scozzese@gastech.com.kronos, Lidelse.Dedos@gastech.com.kronos,1
Linnea.Bergen@gastech.com.kronos, Birgitta.Frente@gastech.com.kronos,2
Felix.Resumir@gastech.com.kronos, Isia.Vann@gastech.com.kronos,1
Mat.Bramar@gastech.com.kronos, Birgitta.Frente@gastech.com.kronos,19
Ruscella.Mies.Haber@gastech.com.kronos, Birgitta.Frente@gastech.com.kronos,10
Lucas.Alcazar@gastech.com.kronos, Birgitta.Frente@gastech.com.kronos,2
Ingrid.Barranco@gastech.com.kronos, Birgitta.Frente@gastech.com.kronos,5
Edvard.Vann@gastech.com.kronos, Birgitta.Frente@gastech.com.kronos,2
Ada.Campo-Corrente@gastech.com.kronos, Birgitta.Frente@gastech.com.kronos,2
Felix.Resumir@gastech.com.kronos, Birgitta.Frente@gastech.com.kronos,2
Hennie.Osvaldo@gastech.com.kronos, Birgitta.Frente@gastech.com.kronos,3
Isak.Baza@gastech.com.kronos, Birgitta.Frente@gastech.com.kronos,2
Kanon.Herrero@gastech.com.kronos, Birgitta.Frente@gastech.com.kronos,1
Hideki.Cocinaro@gastech.com.kronos, Birgitta.Frente@gastech.com.kronos,1
Benito.Hawelon@gastech.com.kronos, Birgitta.Frente@gastech.com.kronos,1
Cornelia.Lais@gastech.com.kronos, Birgitta.Frente@gastech.com.kronos,1
Emile.Arpa@gastech.com.kronos, Birgitta.Frente@gastech.com.kronos,1
Loreto.Bodrogi@gastech.com.kronos, Birgitta.Frente@gastech.com.kronos,1
Adan.Morlun@gastech.com.kronos, Birgitta.Frente@gastech.com.kronos,1
Dante.Coginian@gastech.com.kronos, Birgitta.Frente@gastech.com.kronos,1
Irene.Nant@gastech.com.kronos, Birgitta.Frente@gastech.com.kronos,1
Minke.Mies@gastech.com.kronos, Birgitta.Frente@gastech.com.kronos,1
Claudio.Hawelon@gastech.com.kronos, Birgitta.Frente@gastech.com.kronos,1
Inga.Ferro@gastech.com.kronos, Birgitta.Frente@gastech.com.kronos,2
Anda.Ribera@gastech.com.kronos, Birgitta.Frente@gastech.com.kronos,1
Varro.Awelon@gastech.com.kronos, Birgitta.Frente@gastech.com.kronos,1
Willem.Vasco-Pais@gastech.com.kronos, Birgitta.Frente@gastech.com.kronos,1
Felix.Balas@gastech.com.kronos, Vira.Frente@gastech.com.kronos,3
Edvard.Vann@gastech.com.kronos, Kanon.Herrero@gastech.com.kronos,1
Kanon.Herrero@gastech.com.kronos, Isia.Vann@gastech.com.kronos,1
Dylan.Scozzese@gastech.com.kronos, Birgitta.Frente@gastech.com.kronos,1
Linnea.Bergen@gastech.com.kronos, Vira.Frente@gastech.com.kronos,2
Mat.Bramar@gastech.com.kronos, Vira.Frente@gastech.com.kronos,19
Ruscella.Mies.Haber@gastech.com.kronos, Vira.Frente@gastech.com.kronos,10
Lucas.Alcazar@gastech.com.kronos, Vira.Frente@gastech.com.kronos,2
Birgitta.Frente@gastech.com.kronos, Marin.Onda@gastech.com.kronos,2
Ingrid.Barranco@gastech.com.kronos, Vira.Frente@gastech.com.kronos,5
Edvard.Vann@gastech.com.kronos, Vira.Frente@gastech.com.kronos,2
Ada.Campo-Corrente@gastech.com.kronos, Vira.Frente@gastech.com.kronos,2
Felix.Resumir@gastech.com.kronos, Vira.Frente@gastech.com.kronos,2
Hennie.Osvaldo@gastech.com.kronos, Vira.Frente@gastech.com.kronos,3
Isak.Baza@gastech.com.kronos, Vira.Frente@gastech.com.kronos,2
Kanon.Herrero@gastech.com.kronos, Vira.Frente@gastech.com.kronos,1
Hideki.Cocinaro@gastech.com.kronos, Vira.Frente@gastech.com.kronos,1
Benito.Hawelon@gastech.com.kronos, Vira.Frente@gastech.com.kronos,1
Cornelia.Lais@gastech.com.kronos, Vira.Frente@gastech.com.kronos,1
Emile.Arpa@gastech.com.kronos, Vira.Frente@gastech.com.kronos,1
Loreto.Bodrogi@gastech.com.kronos, Vira.Frente@gastech.com.kronos,1
Adan.Morlun@gastech.com.kronos, Vira.Frente@gastech.com.kronos,1
Dante.Coginian@gastech.com.kronos, Vira.Frente@gastech.com.kronos,1
Irene.Nant@gastech.com.kronos, Vira.Frente@gastech.com.kronos,1
Minke.Mies@gastech.com.kronos, Vira.Frente@gastech.com.kronos,1
Claudio.Hawelon@gastech.com.kronos, Vira.Frente@gastech.com.kronos,1
Inga.Ferro@gastech.com.kronos, Vira.Frente@gastech.com.kronos,2
Anda.Ribera@gastech.com.kronos, Vira.Frente@gastech.com.kronos,1
Varro.Awelon@gastech.com.kronos, Vira.Frente@gastech.com.kronos,1
Willem.Vasco-Pais@gastech.com.kronos, Vira.Frente@gastech.com.kronos,1
Dylan.Scozzese@gastech.com.kronos, Vira.Frente@gastech.com.kronos,1
Linnea.Bergen@gastech.com.kronos, Adra.Nubarron@gastech.com.kronos,2
Mat.Bramar@gastech.com.kronos, Adra.Nubarron@gastech.com.kronos,19
Ruscella.Mies.Haber@gastech.com.kronos, Adra.Nubarron@gastech.com.kronos,10
Lucas.Alcazar@gastech.com.kronos, Adra.Nubarron@gastech.com.kronos,2
Ingrid.Barranco@gastech.com.kronos, Adra.Nubarron@gastech.com.kronos,5
Edvard.Vann@gastech.com.kronos, Adra.Nubarron@gastech.com.kronos,2
Ada.Campo-Corrente@gastech.com.kronos, Adra.Nubarron@gastech.com.kronos,2
Felix.Resumir@gastech.com.kronos, Adra.Nubarron@gastech.com.kronos,2
Hennie.Osvaldo@gastech.com.kronos, Adra.Nubarron@gastech.com.kronos,3
Isak.Baza@gastech.com.kronos, Adra.Nubarron@gastech.com.kronos,2
Lars.Azada@gastech.com.kronos, Adra.Nubarron@gastech.com.kronos,3
Kanon.Herrero@gastech.com.kronos, Adra.Nubarron@gastech.com.kronos,1
Hideki.Cocinaro@gastech.com.kronos, Adra.Nubarron@gastech.com.kronos,1
Benito.Hawelon@gastech.com.kronos, Adra.Nubarron@gastech.com.kronos,1
Cornelia.Lais@gastech.com.kronos, Adra.Nubarron@gastech.com.kronos,1
Emile.Arpa@gastech.com.kronos, Adra.Nubarron@gastech.com.kronos,1
Loreto.Bodrogi@gastech.com.kronos, Adra.Nubarron@gastech.com.kronos,1
Adan.Morlun@gastech.com.kronos, Adra.Nubarron@gastech.com.kronos,1
Dante.Coginian@gastech.com.kronos, Adra.Nubarron@gastech.com.kronos,1
Irene.Nant@gastech.com.kronos, Adra.Nubarron@gastech.com.kronos,1
Minke.Mies@gastech.com.kronos, Adra.Nubarron@gastech.com.kronos,1
Claudio.Hawelon@gastech.com.kronos, Adra.Nubarron@gastech.com.kronos,1
Inga.Ferro@gastech.com.kronos, Adra.Nubarron@gastech.com.kronos,2
Anda.Ribera@gastech.com.kronos, Adra.Nubarron@gastech.com.kronos,1
Varro.Awelon@gastech.com.kronos, Adra.Nubarron@gastech.com.kronos,1
Willem.Vasco-Pais@gastech.com.kronos, Adra.Nubarron@gastech.com.kronos,1
Dylan.Scozzese@gastech.com.kronos, Adra.Nubarron@gastech.com.kronos,1
Linnea.Bergen@gastech.com.kronos, Marin.Onda@gastech.com.kronos,2
Mat.Bramar@gastech.com.kronos, Marin.Onda@gastech.com.kronos,19
Ruscella.Mies.Haber@gastech.com.kronos, Marin.Onda@gastech.com.kronos,10
Lucas.Alcazar@gastech.com.kronos, Marin.Onda@gastech.com.kronos,2
Ingrid.Barranco@gastech.com.kronos, Marin.Onda@gastech.com.kronos,5
Edvard.Vann@gastech.com.kronos, Marin.Onda@gastech.com.kronos,2
Ada.Campo-Corrente@gastech.com.kronos, Marin.Onda@gastech.com.kronos,2
Felix.Resumir@gastech.com.kronos, Marin.Onda@gastech.com.kronos,2
Hennie.Osvaldo@gastech.com.kronos, Marin.Onda@gastech.com.kronos,3
Isak.Baza@gastech.com.kronos, Marin.Onda@gastech.com.kronos,2
Kanon.Herrero@gastech.com.kronos, Marin.Onda@gastech.com.kronos,1
Hideki.Cocinaro@gastech.com.kronos, Marin.Onda@gastech.com.kronos,1
Benito.Hawelon@gastech.com.kronos, Marin.Onda@gastech.com.kronos,1
Cornelia.Lais@gastech.com.kronos, Marin.Onda@gastech.com.kronos,1
Emile.Arpa@gastech.com.kronos, Marin.Onda@gastech.com.kronos,1
Loreto.Bodrogi@gastech.com.kronos, Marin.Onda@gastech.com.kronos,1
Adan.Morlun@gastech.com.kronos, Marin.Onda@gastech.com.kronos,1
Dante.Coginian@gastech.com.kronos, Marin.Onda@gastech.com.kronos,1
Irene.Nant@gastech.com.kronos, Marin.Onda@gastech.com.kronos,1
Minke.Mies@gastech.com.kronos, Marin.Onda@gastech.com.kronos,1
Claudio.Hawelon@gastech.com.kronos, Marin.Onda@gastech.com.kronos,1
Inga.Ferro@gastech.com.kronos, Marin.Onda@gastech.com.kronos,2
Anda.Ribera@gastech.com.kronos, Marin.Onda@gastech.com.kronos,1
Varro.Awelon@gastech.com.kronos, Marin.Onda@gastech.com.kronos,1
Willem.Vasco-Pais@gastech.com.kronos, Marin.Onda@gastech.com.kronos,1
Dylan.Scozzese@gastech.com.kronos, Marin.Onda@gastech.com.kronos,1
Linnea.Bergen@gastech.com.kronos, Kare.Orilla@gastech.com.kronos,2
Mat.Bramar@gastech.com.kronos, Kare.Orilla@gastech.com.kronos,19
Ruscella.Mies.Haber@gastech.com.kronos, Kare.Orilla@gastech.com.kronos,10
Lucas.Alcazar@gastech.com.kronos, Kare.Orilla@gastech.com.kronos,2
Ingrid.Barranco@gastech.com.kronos, Kare.Orilla@gastech.com.kronos,5
Edvard.Vann@gastech.com.kronos, Kare.Orilla@gastech.com.kronos,2
Ada.Campo-Corrente@gastech.com.kronos, Kare.Orilla@gastech.com.kronos,2
Felix.Resumir@gastech.com.kronos, Kare.Orilla@gastech.com.kronos,2
Hennie.Osvaldo@gastech.com.kronos, Kare.Orilla@gastech.com.kronos,3
Isak.Baza@gastech.com.kronos, Kare.Orilla@gastech.com.kronos,2
Kanon.Herrero@gastech.com.kronos, Kare.Orilla@gastech.com.kronos,1
Hideki.Cocinaro@gastech.com.kronos, Kare.Orilla@gastech.com.kronos,1
Benito.Hawelon@gastech.com.kronos, Kare.Orilla@gastech.com.kronos,1
Cornelia.Lais@gastech.com.kronos, Kare.Orilla@gastech.com.kronos,1
Emile.Arpa@gastech.com.kronos, Kare.Orilla@gastech.com.kronos,1
Loreto.Bodrogi@gastech.com.kronos, Kare.Orilla@gastech.com.kronos,1
Adan.Morlun@gastech.com.kronos, Kare.Orilla@gastech.com.kronos,1
Dante.Coginian@gastech.com.kronos, Kare.Orilla@gastech.com.kronos,1
Irene.Nant@gastech.com.kronos, Kare.Orilla@gastech.com.kronos,1
Minke.Mies@gastech.com.kronos, Kare.Orilla@gastech.com.kronos,1
Claudio.Hawelon@gastech.com.kronos, Kare.Orilla@gastech.com.kronos,1
Inga.Ferro@gastech.com.kronos, Kare.Orilla@gastech.com.kronos,2
Anda.Ribera@gastech.com.kronos, Kare.Orilla@gastech.com.kronos,1
Varro.Awelon@gastech.com.kronos, Kare.Orilla@gastech.com.kronos,1
Willem.Vasco-Pais@gastech.com.kronos, Kare.Orilla@gastech.com.kronos,1
Dylan.Scozzese@gastech.com.kronos, Kare.Orilla@gastech.com.kronos,1
Dante.Coginian@gastech.com.kronos, Irene.Nant@gastech.com.kronos,2
